ticker,passed,score,base_duration_weeks,base_range_pct,vol_ratio_4w,rs_trend,sma30w_slope_pct,price_vs_base_high_pct,current_price,c1_base_downtrend,c2_moving_avg,c3_volume,c4_rel_strength,c5_proximity,c6_no_overhead,up_high_vol_weeks,overhead_count,rs_at_52w_high,current_stage,current_stage_name,weeks_in_stage,stage2_emerged,weeks_since_emergence,rvol_at_emergence,mansfield_rp,market_cap,avg_daily_vol,avg_daily_dollar_vol
AMD,False,0,0,,,,,,465.58,False,False,False,False,False,False,0,0,False,2,Stage 2 (advance),22,False,,,38.91,760047730054.36,17418751.0,8109822090.58
ABBV,False,35,35,34.29,0.78,rising,27.7,-4.48,255.48,False,False,False,True,True,True,0,0,False,2,Stage 2 (advance),7,False,,,3.46,451463123971.8,4442471.0,1134962491.08
ACN,False,0,0,,,,,,189.61,False,False,False,False,False,False,0,0,False,1,Stage 1 (base),2,False,,,-18.6,116030343287.49,5148319.0,976172765.59
AES,False,15,30,23.43,0.74,falling,11.67,-14.5,14.73,False,True,False,False,False,False,0,29,False,2,Stage 2 (advance),22,False,,,-5.28,10508951019.9,7952493.0,117140221.89
ABT,False,0,0,,,,,,112.47,False,False,False,False,False,False,0,0,False,1,Stage 1 (base),6,False,,,-8.02,194616209301.12,8061240.0,906647662.8
ADBE,False,0,0,,,,,,291.52,False,False,False,False,False,False,0,0,False,1,Stage 1 (base),4,False,,,-7.89,115879200000.0,4168325.0,1215150104.0
AOS,False,0,25,18.66,0.95,rising,-19.0,-14.51,60.38,True,False,False,False,False,False,1,10,False,4,Stage 4 (decline),19,False,,,-16.9,8206159637.740001,1225568.0,73999795.84
MMM,False,35,46,30.2,0.78,rising,9.2,-5.3,174.34,False,True,False,True,False,True,0,0,False,2,Stage 2 (advance),2,True,1.0,0.9,-0.55,89911046179.78,2685437.0,468179086.58
A,False,30,20,33.23,1.0,rising,2.0,2.4,153.84,True,True,False,True,True,True,1,0,False,1,Stage 1 (base),12,False,,,5.52,43377620671.92,2707192.0,416474417.28000003
AFL,False,35,36,20.64,0.92,falling,21.01,-10.07,116.52,False,False,False,False,False,True,0,0,False,2,Stage 2 (advance),22,False,,,-5.88,58416521082.96,1997431.0,232740660.12
ABNB,False,0,0,,,,,,189.43,False,False,False,False,False,False,0,0,False,2,Stage 2 (advance),19,False,,,27.09,111685215741.26001,4609057.0,873093667.51
ALGN,False,0,0,,,,,,157.58,False,False,False,False,False,False,0,0,False,3,Stage 3 (top),2,False,,,-12.31,11194459878.160002,848452.0,133699066.16000001
APD,False,60,66,33.54,0.73,rising,30.16,-2.15,308.09,True,False,False,False,True,True,0,0,False,2,Stage 2 (advance),18,False,,,1.19,68607184937.7,1024206.0,315547626.53999996
AKAM,False,0,0,,,,,,107.47,False,False,False,False,False,False,0,0,False,3,Stage 3 (top),2,False,,,-4.48,15445223969.23,2964110.0,318552901.7
ARE,False,0,0,,,,,,51.57,False,False,False,False,False,False,0,0,False,1,Stage 1 (base),1,False,,,-13.56,8874953434.89,2373049.0,122378136.93
ALB,False,0,0,,,,,,137.36,False,False,False,False,False,False,0,0,False,4,Stage 4 (decline),2,False,,,-12.32,16209174629.520002,1825981.0,250816750.16000003
ALLE,False,0,0,,,,,,157.48,False,False,False,False,False,False,0,0,False,1,Stage 1 (base),6,False,,,-8.29,13391593059.279999,1053209.0,165859353.32
LNT,False,15,27,14.41,1.08,falling,19.86,-13.02,68.03,False,False,False,False,False,True,1,0,False,3,Stage 3 (top),5,False,,,-10.25,17639138072.97,1819761.0,123798340.83
GOOGL,False,0,0,,,,,,346.59,False,False,False,False,False,False,0,0,False,2,Stage 2 (advance),5,False,,,-0.9,4238773113076.2896,21273461.0,7373168847.99
GOOG,False,0,0,,,,,,342.88,False,False,False,False,False,False,0,0,False,2,Stage 2 (advance),5,False,,,-1.75,4193400054853.28,15184610.0,5206499076.8
ALL,False,15,25,32.41,1.1,rising,45.37,-6.0,260.58,False,False,False,True,False,True,1,0,False,2,Stage 2 (advance),13,False,,,9.8,65889724610.99999,1442211.0,375811342.38
AMZN,False,15,22,30.85,0.84,rising,14.32,-7.23,266.43,False,True,False,True,False,True,0,0,False,2,Stage 2 (advance),5,False,,,2.29,2873797524987.96,33732700.0,8987403261.0
AMCR,False,15,27,34.64,0.82,rising,18.18,-6.86,46.67,False,False,False,False,False,False,0,13,False,2,Stage 2 (advance),6,False,,,1.69,21577673352.3,3576146.0,166898733.82
MO,False,0,0,,,,,,68.65,False,False,False,False,False,False,0,0,False,2,Stage 2 (advance),1,True,0.0,0.78,-2.9,114627920519.90001,8990763.0,617215879.95
AEE,False,15,29,12.35,0.89,falling,18.84,-10.31,106.12,False,False,False,False,False,True,0,0,False,3,Stage 3 (top),2,False,,,-9.2,29378605796.120003,1237178.0,131289329.36
AXP,False,20,41,30.6,0.8,rising,-13.75,-13.31,333.2,False,False,False,False,False,True,0,0,False,1,Stage 1 (base),5,False,,,-10.48,225013236355.6,2448987.0,816002468.4
AEP,False,15,22,13.81,0.97,falling,20.57,-12.33,122.31,False,False,False,False,False,True,0,0,False,3,Stage 3 (top),5,False,,,-9.43,66585240123.12,3331251.0,407445309.81
AIG,False,45,77,19.58,0.7,flat,0.31,-10.76,76.93,False,False,False,False,False,True,0,0,False,1,Stage 1 (base),14,False,,,-9.67,40226171491.170006,2604666.0,200376955.38000003
AMT,False,20,37,16.35,0.7,falling,-1.13,-9.27,176.23,False,False,False,False,False,False,0,32,False,1,Stage 1 (base),15,False,,,-10.23,82116139259.04,1843487.0,324877714.01
AWK,False,45,100,23.28,1.2,rising,9.06,-7.56,138.3,False,True,True,False,False,True,4,2,False,2,Stage 2 (advance),3,True,2.0,1.39,-4.48,27484219178.7,2061166.0,285059257.8
AME,False,0,0,,,,,,236.25,False,False,False,False,False,False,0,0,False,2,Stage 2 (advance),44,False,,,-1.25,54162968895.0,1413735.0,333994893.75
AMP,False,60,73,32.14,0.63,rising,13.82,-2.31,559.32,True,True,False,False,True,True,0,0,False,2,Stage 2 (advance),5,False,,,5.4,49406536051.08,353317.0,197617264.44000003
AMGN,False,30,20,27.24,0.99,rising,32.84,3.12,432.42,False,False,False,True,True,True,2,0,False,2,Stage 2 (advance),10,False,,,15.79,233780091602.1,2339066.0,1011458919.72
APH,False,0,0,,,,,,157.74,False,False,False,False,False,False,0,0,False,2,Stage 2 (advance),14,False,,,1.82,194490810507.18002,5754437.0,907704892.38
ADI,False,0,0,,,,,,361.78,False,False,False,False,False,False,0,0,False,3,Stage 3 (top),1,False,,,2.21,175306093927.69998,4205928.0,1521620631.84
APO,False,0,20,19.0,0.87,flat,-19.73,-6.04,135.04,True,False,False,True,False,True,2,0,False,1,Stage 1 (base),5,False,,,-3.83,79746948191.36,2788384.0,376543375.35999995
APA,False,0,0,,,,,,42.54,False,False,False,False,False,False,0,0,False,2,Stage 2 (advance),8,False,,,25.76,14903953235.4,5548874.0,236049099.96
AMAT,False,0,0,,,,,,461.67,False,False,False,False,False,False,0,0,False,2,Stage 2 (advance),48,False,,,17.12,366380131509.81,6937371.0,3202776069.57
AAPL,False,15,20,23.62,0.9,falling,29.3,-7.14,319.7,False,False,False,False,False,True,1,0,False,2,Stage 2 (advance),20,False,,,5.07,4665759346000.0,39542268.0,12641663079.6
AON,False,35,48,17.88,0.64,rising,4.33,-6.83,355.4,False,True,False,False,False,True,0,0,False,1,Stage 1 (base),9,False,,,-5.58,75389379243.59999,692201.0,246008235.39999998
APP,False,0,0,,,,,,317.76,False,False,False,False,False,False,0,0,False,4,Stage 4 (decline),7,False,,,-44.17,106748142192.95999,4832139.0,1535460488.6399999
APTV,False,0,0,,,,,,45.75,False,False,False,False,False,False,0,0,False,4,Stage 4 (decline),20,False,,,-41.61,9499224893.25,3716116.0,170012307.0
ACGL,False,45,106,26.54,0.8,rising,11.18,-10.75,98.84,False,False,False,False,False,True,0,2,False,2,Stage 2 (advance),10,False,,,-5.53,33727086813.84,1748442.0,172816007.28
ARES,False,0,0,,,,,,142.53,False,False,False,False,False,False,0,0,False,1,Stage 1 (base),6,False,,,-5.36,32143127859.96,1825256.0,260153737.68
ADM,False,0,0,,,,,,81.54,False,False,False,False,False,False,0,0,False,2,Stage 2 (advance),57,False,,,8.49,39298984397.82,3443326.0,280768802.04
ANET,False,0,0,,,,,,195.38,False,False,False,False,False,False,0,0,False,2,Stage 2 (advance),14,False,,,19.11,246418071726.24,5775228.0,1128364046.6399999
AIZ,False,0,0,,,,,,285.65,False,False,False,False,False,False,0,0,False,2,Stage 2 (advance),20,False,,,9.24,14089334043.55,340747.0,97334380.55
AJG,False,15,20,34.99,0.72,rising,-0.7,-1.92,267.56,True,False,False,True,True,False,0,8,False,1,Stage 1 (base),10,False,,,-0.81,68586597960.0,1302860.0,348593221.6
T,False,0,21,28.81,0.78,rising,-3.96,-7.58,26.01,True,False,False,False,False,True,1,0,False,1,Stage 1 (base),2,False,,,-6.06,178230550756.5,28691268.0,746259880.6800001
ADSK,False,0,0,,,,,,260.66,False,False,False,False,False,False,0,0,False,1,Stage 1 (base),4,False,,,-10.07,55037121125.66,2034316.0,530264808.56000006
ATO,False,35,38,15.77,0.92,falling,6.14,-12.42,166.65,False,False,False,False,False,True,0,0,False,3,Stage 3 (top),14,False,,,-12.63,28161942357.45,933831.0,155622936.15
AZO,False,0,0,,,,,,2961.96,False,False,False,False,False,False,0,0,False,4,Stage 4 (decline),26,False,,,-24.34,48355048495.8,270244.0,800451918.24
ADP,False,0,0,,,,,,287.48,False,False,False,False,False,False,0,0,False,1,Stage 1 (base),9,False,,,7.03,114205091632.76001,2172993.0,624692027.64
AXON,False,0,0,,,,,,600.73,False,False,False,False,False,False,0,0,False,1,Stage 1 (base),9,False,,,-0.6,48801752312.950005,615939.0,370013035.47
AVY,False,30,71,25.47,1.06,rising,-10.68,-9.9,177.75,True,False,False,False,False,False,2,15,False,1,Stage 1 (base),4,False,,,-5.97,13471342240.5,646404.0,114898311.0
BKR,False,0,0,,,,,,62.41,False,False,False,False,False,False,0,0,False,2,Stage 2 (advance),5,False,,,2.23,61952788771.10999,5853125.0,365293531.25
BALL,False,0,0,,,,,,63.77,False,False,False,False,False,False,0,0,False,2,Stage 2 (advance),10,False,,,1.97,16880133075.890001,1460222.0,93118356.94
BAC,False,15,22,31.28,0.79,rising,25.08,-4.46,62.32,False,False,False,True,True,True,0,0,False,2,Stage 2 (advance),11,False,,,5.5,435788078106.8,30424199.0,1896036081.68
BAX,False,0,0,,,,,,26.13,False,False,False,False,False,False,0,0,False,2,Stage 2 (advance),7,False,,,15.13,13509105453.869999,4734785.0,123719932.05
BDX,False,50,33,34.77,0.72,rising,16.22,-1.84,189.52,False,False,False,True,True,False,0,10,False,2,Stage 2 (advance),5,False,,,10.54,51622746336.0,1655737.0,313795276.24
BRK-B,False,45,83,15.99,0.94,flat,2.3,-6.84,505.0,False,True,False,False,False,True,0,0,False,1,Stage 1 (base),11,False,,,-7.39,1081058445970.0,4004723.0,2022385115.0
BBY,False,0,0,,,,,,82.44,False,False,False,False,False,False,0,0,False,2,Stage 2 (advance),6,False,,,5.32,17375641867.44,4285842.0,353324814.48
TECH,False,0,0,,,,,,72.35,False,False,False,False,False,False,0,0,False,2,Stage 2 (advance),5,False,,,9.32,11345799519.3,2410128.0,174372760.79999998
BIIB,False,0,0,,,,,,218.5,False,False,False,False,False,False,0,0,False,2,Stage 2 (advance),44,False,,,9.1,32284248563.0,653586.0,142808541.0
BLK,False,35,49,27.73,0.83,rising,0.56,-3.0,1164.48,False,True,False,False,True,True,0,0,False,1,Stage 1 (base),8,False,,,-0.79,180342154720.32,564255.0,657063662.4
BX,False,0,0,,,,,,142.39,False,False,False,False,False,False,0,0,False,1,Stage 1 (base),7,False,,,-4.25,106881509982.45999,2951984.0,420333001.75999993
XYZ,False,15,21,34.36,0.75,rising,39.3,-3.85,83.57,False,False,False,True,True,False,0,4,False,2,Stage 2 (advance),9,False,,,8.83,50208438149.99999,3925855.0,328083702.34999996
BNY,False,0,0,,,,,,162.5,False,False,False,False,False,False,0,0,False,2,Stage 2 (advance),70,False,,,17.88,110256923075.0,2190115.0,355893687.5
BA,False,20,40,33.41,0.78,flat,-2.01,-17.51,209.82,False,False,False,False,False,False,1,10,False,3,Stage 3 (top),2,False,,,-13.19,165835437596.4,5506416.0,1155356205.12
BKNG,False,0,0,,,,,,205.63,False,False,False,False,False,False,0,0,False,1,Stage 1 (base),5,False,,,-2.43,154506372215.0,4745085.0,975731828.55
BSX,False,0,0,,,,,,46.84,False,False,False,False,False,False,0,0,False,4,Stage 4 (decline),34,False,,,-43.69,67881910997.840004,21248184.0,995264938.5600001
AVGO,False,15,21,23.75,0.77,falling,14.29,-25.38,368.79,False,False,False,False,False,True,0,0,False,3,Stage 3 (top),2,False,,,-7.68,1754548001220.4202,21051891.0,7763726881.89
BMY,False,0,0,,,,,,66.58,False,False,False,False,False,False,0,0,False,2,Stage 2 (advance),10,False,,,11.27,136003941796.48,7936695.0,528425153.09999996
BR,False,0,0,,,,,,183.64,False,False,False,False,False,False,0,0,False,1,Stage 1 (base),4,False,,,-12.02,20938962984.719997,1242701.0,228209611.64
BRO,False,0,0,,,,,,73.31,False,False,False,False,False,False,0,0,False,1,Stage 1 (base),9,False,,,-9.95,24530285271.670002,1535672.0,112580114.32000001
BLDR,False,0,0,,,,,,67.72,False,False,False,False,False,False,0,0,False,4,Stage 4 (decline),28,False,,,-37.97,7286432068.04,1674870.0,113422196.39999999
BF-B,False,35,46,33.68,0.45,rising,0.1,-13.19,27.22,True,False,False,False,False,True,0,0,False,1,Stage 1 (base),5,False,,,-9.02,12490285293.3,1955726.0,53234861.72
BG,False,0,0,,,,,,115.48,False,False,False,False,False,False,0,0,False,3,Stage 3 (top),5,False,,,-1.96,22185916324.04,1379094.0,159257775.12
BXP,False,15,21,33.7,0.64,rising,6.26,-7.5,69.32,True,True,False,True,False,True,0,0,False,2,Stage 2 (advance),1,True,0.0,0.64,-2.55,11067739061.919998,1193905.0,82761494.6
CDNS,False,15,20,24.55,0.97,falling,15.02,-18.31,340.39,False,False,False,False,False,True,1,0,False,2,Stage 2 (advance),1,True,0.0,1.12,-6.32,93741023270.0,2133980.0,726385452.1999999
CHRW,False,0,0,,,,,,150.39,False,False,False,False,False,False,0,0,False,3,Stage 3 (top),5,False,,,-16.99,17573260690.62,1295685.0,194858067.14999998
CPT,False,45,99,23.85,0.71,falling,11.19,-11.23,106.35,False,False,False,False,False,False,0,6,False,3,Stage 3 (top),1,False,,,-8.28,12308159670.3,785335.0,83520377.25
COF,False,0,24,29.65,0.71,rising,-18.85,-5.13,215.67,True,False,False,True,False,True,0,0,False,1,Stage 1 (base),7,False,,,-6.28,132310274580.12,3099764.0,668526101.88
CVNA,False,0,0,,,,,,74.04,False,False,False,False,False,False,0,0,False,1,Stage 1 (base),4,False,,,-6.79,53302611366.600006,9358853.0,692929476.12
CARR,False,0,0,,,,,,58.79,False,False,False,False,False,False,0,0,False,3,Stage 3 (top),3,False,,,-11.9,48462070101.03,5524914.0,324809694.06
CAH,False,15,21,30.39,0.92,rising,23.56,-9.19,234.55,False,False,False,False,False,True,1,0,False,2,Stage 2 (advance),12,False,,,4.3,54550637002.4,1496828.0,351081007.40000004
CBRE,False,0,22,22.25,0.73,rising,-22.95,-4.3,150.82,True,False,False,False,True,True,0,0,False,1,Stage 1 (base),5,False,,,-8.98,43673746444.36,1222461.0,184371568.01999998
CCL,False,0,29,33.35,0.75,falling,-9.87,-25.8,24.76,True,False,False,False,False,True,0,0,False,4,Stage 4 (decline),1,False,,,-19.75,33912512186.440002,17521138.0,433823376.88000005
CASY,False,0,0,,,,,,755.47,False,False,False,False,False,False,0,0,False,3,Stage 3 (top),1,False,,,0.58,27956102379.58,311050.0,234988943.5
CBOE,False,0,0,,,,,,310.45,False,False,False,False,False,False,0,0,False,2,Stage 2 (advance),3,True,2.0,0.71,2.25,32420609848.55,1036881.0,321899706.45
CAT,False,0,0,,,,,,800.25,False,False,False,False,False,False,0,0,False,3,Stage 3 (top),1,False,,,2.86,367854829922.25,2403449.0,1923360062.25
CDW,False,0,0,,,,,,147.69,False,False,False,False,False,False,0,0,False,1,Stage 1 (base),13,False,,,-1.08,18463823645.94,1752817.0,258873542.73
COR,False,0,24,26.81,1.0,rising,-19.95,-8.78,322.03,True,False,False,False,False,True,1,0,False,1,Stage 1 (base),4,False,,,-9.38,61452071944.95,969763.0,312292778.89
CHTR,False,0,0,,,,,,153.62,False,False,False,False,False,False,0,0,False,4,Stage 4 (decline),19,False,,,-30.2,18323408474.66,3217454.0,494265283.48
CF,False,0,0,,,,,,125.79,False,False,False,False,False,False,0,0,False,2,Stage 2 (advance),10,False,,,12.43,19036823372.7,2388059.0,300393941.61
CRL,False,0,0,,,,,,291.5,False,False,False,False,False,False,0,0,False,2,Stage 2 (advance),9,False,,,38.21,13915881188.0,895653.0,261082849.5
CNC,False,0,0,,,,,,64.75,False,False,False,False,False,False,0,0,False,2,Stage 2 (advance),19,False,,,26.8,31986176250.0,3387110.0,219315372.5
SCHW,False,35,47,28.94,0.78,rising,9.72,-3.82,110.16,False,True,False,True,True,True,0,0,False,2,Stage 2 (advance),3,True,2.0,0.57,4.18,190503622254.24,8361278.0,921078384.48
CNP,False,15,27,15.48,1.14,falling,16.95,-12.78,39.24,False,False,False,False,False,True,1,0,False,3,Stage 3 (top),5,False,,,-12.13,25848184101.120003,5488970.0,215387182.8
CMG,False,15,24,29.62,0.98,rising,-14.16,-2.71,38.03,True,False,False,False,True,False,0,7,False,1,Stage 1 (base),2,False,,,-3.62,48215879140.0,15233233.0,579319850.99
CB,False,15,21,16.22,0.94,flat,24.78,-7.1,339.92,False,False,False,False,False,True,0,0,False,2,Stage 2 (advance),13,False,,,-2.2,131141088071.28,1629116.0,553769110.72
CVX,False,0,0,,,,,,201.86,False,False,False,False,False,False,0,0,False,2,Stage 2 (advance),7,False,,,6.79,395969236889.64,7458306.0,1505533649.16
CIEN,False,0,0,,,,,,378.44,False,False,False,False,False,False,0,0,False,3,Stage 3 (top),2,False,,,5.27,53569287801.68,1668834.0,631553538.96
CHD,False,15,30,12.93,0.82,flat,23.66,-3.9,101.26,False,False,False,False,True,False,0,19,False,2,Stage 2 (advance),24,False,,,-1.32,24019267622.82,1648496.0,166926704.96
CINF,False,35,36,25.64,0.72,flat,18.87,-11.72,171.97,False,False,False,False,False,True,0,0,False,2,Stage 2 (advance),13,False,,,-4.87,26393619398.65,419177.0,72085868.69
CI,False,35,44,24.0,1.05,falling,7.44,-8.9,278.88,True,False,False,False,False,False,1,16,False,1,Stage 1 (base),1,False,,,-9.63,73691386735.68,1346981.0,375646061.28
CTAS,False,35,34,24.6,0.87,rising,6.88,-6.6,204.18,False,True,False,False,False,True,0,0,False,2,Stage 2 (advance),1,True,0.0,0.8,-1.4,81706620964.98,1785521.0,364567677.78000003
CSCO,False,0,0,,,,,,109.93,False,False,False,False,False,False,0,0,False,2,Stage 2 (advance),70,False,,,13.59,433281912723.45,15326152.0,1684803889.3600001
CFG,False,0,0,,,,,,69.71,False,False,False,False,False,False,0,0,False,2,Stage 2 (advance),24,False,,,5.02,29360233891.479996,2623230.0,182865363.29999998
C,False,0,0,,,,,,132.9,False,False,False,False,False,False,0,0,False,2,Stage 2 (advance),24,False,,,3.76,222931348460.7,8979978.0,1193439076.2
CME,False,0,21,34.53,0.78,flat,-7.02,-8.12,285.8,True,False,False,False,False,True,0,0,False,3,Stage 3 (top),1,False,,,-5.04,102767753365.40001,1882633.0,538056511.4
CLX,False,0,26,29.99,1.1,rising,-5.22,-17.59,102.53,True,False,False,False,False,False,2,5,False,1,Stage 1 (base),4,False,,,-10.99,12399055942.65,1976539.0,202654543.67000002
CMS,False,45,59,15.68,1.26,falling,8.06,-13.77,68.21,False,False,False,False,False,True,1,0,False,3,Stage 3 (top),5,False,,,-14.67,21389096446.559998,3257884.0,222220267.64
CTSH,False,0,0,,,,,,64.04,False,False,False,False,False,False,0,0,False,1,Stage 1 (base),3,False,,,-9.28,28846447144.360004,5620120.0,359912484.8
COHR,False,0,0,,,,,,279.2,False,False,False,False,False,False,0,0,False,3,Stage 3 (top),2,False,,,6.16,54676363083.2,6389392.0,1783918246.3999999
KO,False,0,0,,,,,,89.66,False,False,False,False,False,False,0,0,False,2,Stage 2 (advance),30,False,,,7.95,385766565127.38,13829288.0,1239933962.08
COIN,False,0,0,,,,,,178.64,False,False,False,False,False,False,0,0,False,1,Stage 1 (base),2,False,,,-27.83,47131827924.71999,11901873.0,2126150592.7199998
CMCSA,False,0,25,32.92,0.7,rising,-12.77,-14.5,27.06,True,False,False,False,False,True,0,0,False,1,Stage 1 (base),2,False,,,-8.09,96026105665.37999,20491189.0,554491574.34
CL,False,15,27,17.62,0.72,flat,23.71,-7.54,90.75,False,False,False,False,False,False,0,11,False,2,Stage 2 (advance),26,False,,,-3.44,72343434231.75,3913660.0,355164645.0
FIX,False,0,0,,,,,,1518.73,False,False,False,False,False,False,0,0,False,3,Stage 3 (top),1,False,,,3.52,53450683282.17,402006.0,610538572.38
STZ,False,20,41,26.8,0.7,falling,-9.94,-21.35,130.69,True,False,False,False,False,True,0,0,False,4,Stage 4 (decline),2,False,,,-16.57,22319033539.46,1652755.0,215998550.95
CEG,False,0,0,,,,,,276.75,False,False,False,False,False,False,0,0,False,4,Stage 4 (decline),2,False,,,-18.84,98054567138.25,2316500.0,641091375.0
COP,False,0,0,,,,,,130.35,False,False,False,False,False,False,0,0,False,2,Stage 2 (advance),7,False,,,11.71,158804623812.44998,6753447.0,880311816.4499999
ED,False,15,26,8.65,1.05,falling,18.78,-5.98,107.49,False,False,False,False,False,True,0,0,False,3,Stage 3 (top),4,False,,,-6.17,39752879761.17,2163267.0,232529569.82999998
COO,False,0,26,28.42,0.7,rising,-20.71,-15.36,71.17,True,False,False,False,False,False,0,3,False,1,Stage 1 (base),5,False,,,-11.78,13880329937.1,1450128.0,103205609.76
CPRT,False,0,0,,,,,,32.99,False,False,False,False,False,False,0,0,False,1,Stage 1 (base),2,False,,,-19.19,30542520791.18,11130164.0,367184110.36
CPAY,False,0,0,,,,,,407.88,False,False,False,False,False,False,0,0,False,2,Stage 2 (advance),15,False,,,13.77,26781237240.12,405741.0,165493639.07999998
CTVA,False,0,0,,,,,,83.9,False,False,False,False,False,False,0,0,False,2,Stage 2 (advance),2,True,1.0,1.03,2.12,55977744400.0,4392983.0,368571273.70000005
GLW,False,0,0,,,,,,148.98,False,False,False,False,False,False,0,0,False,3,Stage 3 (top),2,False,,,5.5,128329633552.37999,8783564.0,1308575364.72
CSGP,False,0,0,,,,,,32.22,False,False,False,False,False,False,0,0,False,4,Stage 4 (decline),41,False,,,-44.11,13055466285.359999,5048437.0,162660640.14
COST,False,45,85,24.92,0.79,falling,7.09,-13.64,945.47,False,False,False,False,False,True,0,0,False,3,Stage 3 (top),11,False,,,-10.19,419295904817.88,1802579.0,1704284367.13
CRH,False,20,33,32.85,0.84,falling,-33.75,-26.29,95.86,False,False,False,False,False,True,1,0,False,4,Stage 4 (decline),17,False,,,-22.63,63774173224.46,3927635.0,376503091.1
CRWD,False,0,0,,,,,,218.4,False,False,False,False,False,False,0,0,False,2,Stage 2 (advance),14,False,,,45.9,223627369492.80002,10850933.0,2369843767.2000003
CCI,False,20,31,24.7,0.88,falling,-17.3,-18.98,76.14,True,False,False,False,False,False,0,13,False,4,Stage 4 (decline),10,False,,,-19.65,32394177125.46,2119952.0,161413145.28
CSX,False,0,0,,,,,,51.28,False,False,False,False,False,False,0,0,False,2,Stage 2 (advance),54,False,,,13.59,94994913743.76,8439563.0,432780790.64
CVS,False,0,0,,,,,,93.06,False,False,False,False,False,False,0,0,False,2,Stage 2 (advance),19,False,,,1.54,119020982539.14,6035039.0,561620729.34
CMI,False,0,0,,,,,,564.85,False,False,False,False,False,False,0,0,False,3,Stage 3 (top),2,False,,,-7.71,77759785481.95,865405.0,488824014.25
DDOG,False,0,0,,,,,,236.98,False,False,False,False,False,False,0,0,False,2,Stage 2 (advance),15,False,,,27.26,85093599187.51999,3478935.0,824438016.3
DHR,False,15,21,26.73,0.81,rising,-22.13,2.94,216.07,True,False,False,True,True,False,0,24,False,1,Stage 1 (base),4,False,,,-3.69,151894196687.78,3389710.0,732414639.6999999
DRI,False,45,63,32.62,0.73,rising,17.96,-6.15,215.63,False,False,False,False,False,True,0,0,False,2,Stage 2 (advance),5,False,,,-0.34,24483008846.28,891925.0,192325787.75
DVA,False,0,0,,,,,,180.68,False,False,False,False,False,False,0,0,False,3,Stage 3 (top),2,False,,,5.64,11527384000.0,568729.0,102757955.72
DECK,False,0,27,33.63,0.89,falling,-6.15,-28.12,87.76,True,False,False,False,False,False,0,4,False,4,Stage 4 (decline),1,False,,,-22.47,11951319770.320002,2670864.0,234395024.64000002
DELL,False,0,0,,,,,,456.24,False,False,False,False,False,False,0,0,False,2,Stage 2 (advance),23,False,,,88.07,294796021350.72003,4648492.0,2120827990.08
DAL,False,0,0,,,,,,80.07,False,False,False,False,False,False,0,0,False,2,Stage 2 (advance),23,False,,,3.43,52655876012.1,4930698.0,394800988.85999995
DE,False,0,0,,,,,,630.33,False,False,False,False,False,False,0,0,False,2,Stage 2 (advance),14,False,,,5.76,170149657100.25,1435775.0,905012055.75
DXCM,False,0,0,,,,,,90.82,False,False,False,False,False,False,0,0,False,2,Stage 2 (advance),11,False,,,18.17,34271904677.3,4267513.0,387575530.65999997
DVN,False,0,0,,,,,,47.35,False,False,False,False,False,False,0,0,False,2,Stage 2 (advance),3,True,2.0,0.86,4.81,52085000000.0,10354564.0,490288605.40000004
FANG,False,0,0,,,,,,197.67,False,False,False,False,False,False,0,0,False,2,Stage 2 (advance),8,False,,,5.71,55351512284.64,1759705.0,347840887.34999996
DLR,False,0,0,,,,,,185.47,False,False,False,False,False,False,0,0,False,2,Stage 2 (advance),6,False,,,-3.96,68809133896.69,1681237.0,311819026.39
DG,False,0,25,28.17,0.74,rising,-17.76,-16.84,122.89,True,False,False,False,False,False,0,26,False,4,Stage 4 (decline),3,False,,,-7.54,27111597323.1,2694463.0,331122558.07
DLTR,False,0,0,,,,,,128.26,False,False,False,False,False,False,0,0,False,3,Stage 3 (top),4,False,,,2.64,24065462149.739998,2709180.0,347479426.79999995
DASH,False,0,0,,,,,,236.74,False,False,False,False,False,False,0,0,False,1,Stage 1 (base),5,False,,,6.29,103152050246.28,4451574.0,1053865628.76
D,False,15,25,20.94,0.64,falling,29.26,-10.19,65.55,False,False,False,False,False,True,0,0,False,2,Stage 2 (advance),23,False,,,-4.75,57652925956.95,3378666.0,221471556.29999998
DPZ,False,0,0,,,,,,350.0,False,False,False,False,False,False,0,0,False,1,Stage 1 (base),1,False,,,-15.92,11578607250.0,800144.0,280050400.0
DOW,False,0,0,,,,,,30.51,False,False,False,False,False,False,0,0,False,3,Stage 3 (top),10,False,,,-5.21,22038615092.61,8234714.0,251241124.14000002
DHI,False,20,43,26.04,0.69,falling,-0.45,-13.44,147.39,False,False,False,False,False,False,0,19,False,1,Stage 1 (base),10,False,,,-12.08,41225169743.13,1690561.0,249171785.79
DOV,False,15,21,13.73,0.86,falling,9.88,-14.97,198.68,False,False,False,False,False,True,0,0,False,3,Stage 3 (top),6,False,,,-10.59,26758267103.0,933131.0,185394467.08
DTE,False,35,48,22.91,0.96,falling,19.31,-12.77,135.86,False,False,False,False,False,True,1,0,False,3,Stage 3 (top),5,False,,,-11.66,28270845054.340004,1148720.0,156065099.20000002
DUK,False,35,51,16.46,1.3,falling,13.5,-9.02,120.25,False,False,False,False,False,True,0,0,False,3,Stage 3 (top),4,False,,,-10.8,93759188708.25,3518615.0,423113453.75
EBAY,False,0,0,,,,,,105.62,False,False,False,False,False,False,0,0,False,2,Stage 2 (advance),17,False,,,-0.17,47000900000.0,4291052.0,453220912.24
ETN,False,15,20,26.21,0.75,rising,39.54,-12.01,402.78,False,False,False,False,False,True,0,0,False,2,Stage 2 (advance),19,False,,,-2.56,156439752000.0,1723991.0,694389094.9799999
DD,False,0,0,,,,,,136.98,False,False,False,False,False,False,0,0,False,3,Stage 3 (top),2,False,,,-3.21,18498186715.5,1112231.0,152353402.38
ECHO,False,0,0,,,,,,86.84,False,False,False,False,False,False,0,0,False,4,Stage 4 (decline),2,False,,,-21.7,25226213082.72,2577184.0,223802658.56
EW,False,35,43,24.38,0.69,flat,9.35,-6.31,90.21,False,True,False,False,False,False,0,14,False,2,Stage 2 (advance),5,False,,,-1.97,51997044000.0,2686428.0,242342669.88
ECL,False,45,61,24.19,1.0,rising,6.68,-6.78,286.75,False,True,False,False,False,True,1,0,False,2,Stage 2 (advance),5,False,,,-4.2,80384226910.25,1729707.0,495993482.25
EIX,False,0,0,,,,,,70.17,False,False,False,False,False,False,0,0,False,3,Stage 3 (top),1,False,,,-1.45,27002396906.43,3747624.0,262970776.08
ELV,False,15,21,34.69,0.54,falling,22.3,-9.58,394.43,True,False,False,False,False,False,0,12,False,2,Stage 2 (advance),15,False,,,2.36,85539754054.7,811200.0,319961616.0
EME,False,0,0,,,,,,740.17,False,False,False,False,False,False,0,0,False,3,Stage 3 (top),2,False,,,-8.45,32648825423.17,355852.0,263390974.83999997
EOG,False,0,0,,,,,,143.35,False,False,False,False,False,False,0,0,False,2,Stage 2 (advance),24,False,,,6.15,75191257379.59999,2545401.0,364883233.34999996
EMR,False,35,38,31.09,0.96,rising,13.0,-6.71,155.18,False,True,False,True,False,True,1,0,False,2,Stage 2 (advance),6,False,,,1.25,86559404000.0,1976358.0,306691234.44
EQIX,False,0,0,,,,,,1044.41,False,False,False,False,False,False,0,0,False,2,Stage 2 (advance),27,False,,,3.61,103053695575.26001,520366.0,543475454.0600001
EQT,False,0,22,21.87,0.78,falling,-7.57,-18.96,54.57,False,False,False,False,False,True,0,0,False,4,Stage 4 (decline),9,False,,,-11.1,34134408120.0,6794732.0,370788525.24
EFX,False,0,0,,,,,,194.35,False,False,False,False,False,False,0,0,False,1,Stage 1 (base),4,False,,,-11.36,22833189537.6,1101543.0,214084882.04999998
ETR,False,0,0,,,,,,105.75,False,False,False,False,False,False,0,0,False,3,Stage 3 (top),5,False,,,-5.73,49346280913.5,1710487.0,180884000.25
ERIE,False,0,0,,,,,,260.4,False,False,False,False,False,False,0,0,False,1,Stage 1 (base),4,False,,,-11.4,13616281627.199999,225578.0,58740511.199999996
ESS,False,45,72,26.96,0.84,falling,27.08,-6.37,284.03,False,False,False,False,False,True,0,0,False,2,Stage 2 (advance),12,False,,,-1.39,18254164729.17,446711.0,126879325.32999998
EL,False,15,20,33.91,1.01,rising,-38.21,11.95,103.39,True,False,False,True,True,False,2,7,False,1,Stage 1 (base),2,False,,,1.94,37406353842.13,4940787.0,510827967.93
EG,False,45,76,25.77,0.75,rising,26.78,-5.85,377.61,False,False,False,False,False,False,0,19,False,2,Stage 2 (advance),11,False,,,0.87,14478599785.74,241845.0,91323090.45
EXE,False,20,38,29.71,0.77,flat,-28.98,-18.39,98.16,True,False,False,False,False,True,0,0,False,1,Stage 1 (base),1,False,,,-11.98,22724411928.239998,2709624.0,265976691.84
EVRG,False,15,23,10.4,0.96,falling,25.31,-8.23,80.65,False,False,False,False,False,True,0,0,False,3,Stage 3 (top),2,False,,,-6.25,18595242421.800003,1922362.0,155038495.3
EXPD,False,0,0,,,,,,190.97,False,False,False,False,False,False,0,0,False,2,Stage 2 (advance),46,False,,,15.48,24824309083.34,678109.0,129498475.73
EXPE,False,0,0,,,,,,329.44,False,False,False,False,False,False,0,0,False,2,Stage 2 (advance),2,True,1.0,0.71,19.73,39540073046.88,1314869.0,433170443.36
ES,False,35,40,16.06,0.79,falling,16.67,-7.48,70.84,False,False,False,False,False,True,0,0,False,2,Stage 2 (advance),1,True,0.0,0.67,-7.18,26683639573.36,1805037.0,127868821.08000001
EXC,False,45,54,16.84,0.77,falling,9.98,-12.45,43.93,False,False,False,False,False,True,0,0,False,3,Stage 3 (top),5,False,,,-12.43,45259056770.31,5413672.0,237822610.96
EXR,False,45,74,19.47,0.74,falling,19.08,-10.05,142.91,True,False,False,False,False,False,0,15,False,2,Stage 2 (advance),12,False,,,-6.98,30192532533.78,776308.0,110942176.28
FFIV,False,0,0,,,,,,394.24,False,False,False,False,False,False,0,0,False,2,Stage 2 (advance),14,False,,,12.72,22324700231.68,427052.0,168360980.48
XOM,False,0,0,,,,,,156.71,False,False,False,False,False,False,0,0,False,2,Stage 2 (advance),7,False,,,4.94,644377723251.6,14217400.0,2228008754.0
FDS,False,0,0,,,,,,308.98,False,False,False,False,False,False,0,0,False,1,Stage 1 (base),9,False,,,8.44,10989041476.140001,824346.0,254706427.08
FICO,False,0,0,,,,,,1153.57,False,False,False,False,False,False,0,0,False,4,Stage 4 (decline),33,False,,,-25.02,24914383806.949997,232612.0,268334224.83999997
FRT,False,0,0,,,,,,116.75,False,False,False,False,False,False,0,0,False,2,Stage 2 (advance),42,False,,,-0.59,10144306277.75,583336.0,68104478.0
FDX,False,0,0,,,,,,330.88,False,False,False,False,False,False,0,0,False,2,Stage 2 (advance),42,False,,,11.98,78309513532.8,1280785.0,423786140.8
FAST,False,35,49,32.03,0.93,rising,27.73,-5.93,49.78,False,False,False,False,False,True,1,0,False,2,Stage 2 (advance),12,False,,,0.75,57122429183.94,5439656.0,270786075.68
FERG,False,40,39,21.47,2.6,flat,-0.82,-14.93,228.49,False,False,False,False,False,True,1,0,False,3,Stage 3 (top),5,False,,,-12.68,44202011307.33,1317052.0,300933211.48
FSLR,False,0,0,,,,,,204.46,False,False,False,False,False,False,0,0,False,4,Stage 4 (decline),2,False,,,-20.02,21973272854.48,1609798.0,329139299.08
FIS,False,0,0,,,,,,41.44,False,False,False,False,False,False,0,0,False,4,Stage 4 (decline),56,False,,,-29.03,21370853200.48,5097963.0,211259586.72
FITB,False,0,0,,,,,,54.54,False,False,False,False,False,False,0,0,False,2,Stage 2 (advance),22,False,,,1.98,49461920440.56,5418510.0,295525535.4
FLEX,False,0,0,,,,,,110.5,False,False,False,False,False,False,0,0,False,2,Stage 2 (advance),25,False,,,17.38,40819029069.0,2758070.0,304766735.0
FISV,False,0,0,,,,,,53.18,False,False,False,False,False,False,0,0,False,4,Stage 4 (decline),65,False,,,-31.76,28279354222.78,4986915.0,265204139.7
FE,False,15,30,16.17,0.87,falling,11.83,-10.56,45.88,False,False,False,False,False,True,0,0,False,3,Stage 3 (top),4,False,,,-10.04,26548000080.16,3563746.0,163504666.48000002
FTNT,False,0,0,,,,,,166.0,False,False,False,False,False,False,0,0,False,2,Stage 2 (advance),17,False,,,47.0,121796466398.0,4276754.0,709941164.0
F,False,0,0,,,,,,13.88,False,False,False,False,False,False,0,0,False,2,Stage 2 (advance),16,False,,,-2.87,55347827857.96001,38963122.0,540808133.36
FOXA,False,0,27,33.51,1.31,falling,-29.82,-5.71,68.42,True,False,False,False,False,True,2,0,False,1,Stage 1 (base),4,False,,,-1.59,28766332107.920002,5288235.0,361821038.7
FTV,False,15,20,7.53,0.66,falling,20.76,-7.54,59.69,False,False,False,False,False,False,0,13,False,2,Stage 2 (advance),35,False,,,-3.52,18027397833.88,1877409.0,112062543.21
FOX,False,0,30,33.76,0.63,falling,-29.28,-6.08,61.32,True,False,False,False,False,True,0,0,False,1,Stage 1 (base),4,False,,,-1.84,25781226028.32,922025.0,56538573.0
BEN,False,0,0,,,,,,34.65,False,False,False,False,False,False,0,0,False,2,Stage 2 (advance),21,False,,,18.24,17604864931.5,2916981.0,101073391.64999999
FCX,False,0,0,,,,,,76.45,False,False,False,False,False,False,0,0,False,2,Stage 2 (advance),6,False,,,24.17,109783539633.35,17190921.0,1314245910.45
IT,False,0,0,,,,,,198.39,False,False,False,False,False,False,0,0,False,1,Stage 1 (base),4,False,,,-7.32,12528125348.64,1305169.0,258932477.91
GRMN,False,0,0,,,,,,285.19,False,False,False,False,False,False,0,0,False,2,Stage 2 (advance),13,False,,,10.28,54999614741.84,912832.0,260330558.07999998
GEHC,False,0,0,,,,,,71.72,False,False,False,False,False,False,0,0,False,1,Stage 1 (base),4,False,,,-11.58,32397196424.699997,2475946.0,177574847.12
GE,False,15,28,34.27,0.76,rising,30.01,-11.9,342.58,False,False,False,False,False,True,0,0,False,2,Stage 2 (advance),11,False,,,-1.43,355448165703.54,4142955.0,1419293523.8999999
GEN,False,0,0,,,,,,31.02,False,False,False,False,False,False,0,0,False,2,Stage 2 (advance),1,True,0.0,1.12,12.61,18568169732.64,5685102.0,176351864.04
GNRC,False,0,0,,,,,,183.8,False,False,False,False,False,False,0,0,False,3,Stage 3 (top),7,False,,,-16.68,10845369151.800001,1066436.0,196010936.8
GM,False,15,23,22.76,0.64,flat,6.09,-6.08,86.27,False,True,False,True,False,True,0,0,False,2,Stage 2 (advance),6,False,,,3.32,78027034442.06999,5234332.0,451565821.64
GIS,False,0,0,,,,,,41.55,False,False,False,False,False,False,0,0,False,1,Stage 1 (base),3,False,,,-7.88,22175583853.8,8043625.0,334212618.75
GD,False,35,33,26.92,0.67,rising,17.52,-5.17,379.32,False,False,False,False,False,True,0,0,False,2,Stage 2 (advance),9,False,,,-1.18,102627755207.4,773840.0,293532988.8
GILD,False,30,26,18.07,0.93,rising,13.32,-2.63,145.68,False,True,False,False,True,True,1,0,False,2,Stage 2 (advance),3,True,2.0,0.77,2.15,180636666980.4,5402254.0,787000362.72
GPC,False,0,0,,,,,,137.51,False,False,False,False,False,False,0,0,False,1,Stage 1 (base),10,False,,,2.51,18957095322.579998,1158796.0,159346037.95999998
GDDY,False,0,0,,,,,,97.7,False,False,False,False,False,False,0,0,False,1,Stage 1 (base),4,False,,,-15.94,12373480680.800001,1631474.0,159395009.8
GPN,False,30,22,34.97,1.01,rising,15.35,1.07,91.82,True,False,False,True,True,False,1,11,False,2,Stage 2 (advance),2,True,1.0,0.84,8.52,24297260569.8,2611877.0,239822546.14
GL,False,0,0,,,,,,172.79,False,False,False,False,False,False,0,0,False,2,Stage 2 (advance),22,False,,,5.02,13278815947.13,483925.0,83617400.75
GS,False,0,0,,,,,,1033.99,False,False,False,False,False,False,0,0,False,2,Stage 2 (advance),22,False,,,4.14,301068324157.92,1933267.0,1998978745.33
HAL,False,0,0,,,,,,36.18,False,False,False,False,False,False,0,0,False,3,Stage 3 (top),11,False,,,1.78,30142656678.06,10950973.0,396206203.14
HIG,False,35,47,16.94,0.91,flat,7.2,-5.15,138.55,False,False,False,False,False,True,1,0,False,2,Stage 2 (advance),2,True,1.0,1.04,-6.33,37529315877.100006,1326664.0,183809297.20000002
HCA,False,0,24,33.22,0.92,rising,-27.97,-22.09,417.82,True,False,False,False,False,True,1,0,False,4,Stage 4 (decline),11,False,,,-15.78,90458656730.0,1242110.0,518978400.2
HAS,False,15,23,22.83,0.84,rising,11.1,-4.04,94.23,False,True,False,False,True,True,0,0,False,2,Stage 2 (advance),5,False,,,0.44,13290620125.41,1360911.0,128238643.53
HSIC,False,30,25,26.76,0.87,rising,23.88,-2.89,89.52,False,False,False,True,True,True,1,0,False,2,Stage 2 (advance),14,False,,,6.27,9976694439.84,886355.0,79346499.6
DOC,False,0,0,,,,,,20.96,False,False,False,False,False,False,0,0,False,2,Stage 2 (advance),12,False,,,5.99,14452491369.6,4191782.0,87859750.72
HSY,False,0,26,30.25,0.66,falling,-5.5,-24.07,179.05,False,False,False,False,False,False,0,35,False,4,Stage 4 (decline),2,False,,,-13.87,35975738885.85,1001282.0,179279542.10000002
HPE,False,0,0,,,,,,52.31,False,False,False,False,False,False,0,0,False,2,Stage 2 (advance),23,False,,,57.1,69269086183.51001,12786948.0,668885249.88
HLT,False,0,0,,,,,,321.85,False,False,False,False,False,False,0,0,False,2,Stage 2 (advance),3,True,2.0,1.24,-3.49,72437141283.5,1768207.0,569097422.95
HD,False,0,24,21.2,0.9,rising,-7.97,-7.99,330.19,True,False,False,False,False,False,1,29,False,4,Stage 4 (decline),3,False,,,-15.24,329427137608.94,4096711.0,1352693005.09
HRL,False,35,34,34.3,1.03,falling,11.25,-18.39,21.57,True,False,False,False,False,True,0,0,False,1,Stage 1 (base),1,False,,,-15.24,11870293665.630001,6695879.0,144430110.03
HST,False,0,0,,,,,,22.28,False,False,False,False,False,False,0,0,False,2,Stage 2 (advance),48,False,,,5.38,15264571609.720001,8180231.0,182255546.68
HWM,False,0,0,,,,,,264.85,False,False,False,False,False,False,0,0,False,2,Stage 2 (advance),73,False,,,3.06,105622550525.15001,2088441.0,553123598.85
HON,False,15,25,15.2,0.74,falling,15.39,-14.75,217.43,False,False,False,False,False,True,0,0,False,3,Stage 3 (top),3,False,,,-11.82,68912266374.3,2584236.0,561890433.48
HPQ,False,0,0,,,,,,30.52,False,False,False,False,False,False,0,0,False,2,Stage 2 (advance),5,False,,,19.08,27522660373.88,15428996.0,470892957.92
HUBB,False,15,26,19.96,0.87,falling,11.08,-18.47,459.66,False,False,False,False,False,True,1,0,False,3,Stage 3 (top),2,False,,,-12.0,24285019585.86,459946.0,211418778.36
HUM,False,0,0,,,,,,385.54,False,False,False,False,False,False,0,0,False,2,Stage 2 (advance),12,False,,,27.99,46295761946.32,1006300.0,387968902.0
HBAN,False,35,50,26.69,0.82,flat,4.51,-11.37,16.92,False,False,False,False,False,True,0,0,False,3,Stage 3 (top),1,False,,,-7.88,34185418855.920002,20409077.0,345321582.84000003
HII,False,0,0,,,,,,294.21,False,False,False,False,False,False,0,0,False,4,Stage 4 (decline),7,False,,,-20.7,11593226777.58,414627.0,121987409.66999999
IEX,False,0,0,,,,,,230.28,False,False,False,False,False,False,0,0,False,2,Stage 2 (advance),31,False,,,7.14,16976217650.88,565750.0,130280910.0
IBM,False,0,0,,,,,,235.59,False,False,False,False,False,False,0,0,False,4,Stage 4 (decline),7,False,,,-19.46,221957440940.1,4760512.0,1121529022.08
IDXX,False,0,0,,,,,,554.99,False,False,False,False,False,False,0,0,False,4,Stage 4 (decline),20,False,,,-18.97,43722731568.840004,466444.0,258871755.56
ITW,False,35,42,23.9,0.76,rising,19.7,-7.23,280.1,False,False,False,True,False,True,0,0,False,2,Stage 2 (advance),11,False,,,-2.87,79772480000.0,893163.0,250174956.3
INCY,False,15,26,33.51,0.74,rising,30.16,-6.21,124.37,False,False,False,True,False,True,1,0,False,2,Stage 2 (advance),10,False,,,11.44,25209518670.02,1207262.0,150147174.94
IR,False,0,27,33.75,1.05,rising,-1.8,-18.26,78.58,True,False,False,False,False,False,1,4,False,1,Stage 1 (base),1,False,,,-12.83,30488995130.82,3287194.0,258307704.51999998
PODD,False,0,0,,,,,,145.13,False,False,False,False,False,False,0,0,False,4,Stage 4 (decline),31,False,,,-44.98,10065374900.869999,1429812.0,207508615.56
INTC,False,0,0,,,,,,89.47,False,False,False,False,False,False,0,0,False,2,Stage 2 (advance),54,False,,,26.98,470122469403.05,93904825.0,8401664692.75
IBKR,False,0,0,,,,,,95.84,False,False,False,False,False,False,0,0,False,2,Stage 2 (advance),21,False,,,15.21,43423011908.64,3965764.0,380078821.76
ICE,False,0,29,33.25,0.93,rising,-19.53,-4.34,162.33,True,False,False,False,True,True,0,0,False,1,Stage 1 (base),3,False,,,-5.73,91131167074.71,3208494.0,520834831.02000004
IFF,False,0,0,,,,,,87.95,False,False,False,False,False,False,0,0,False,2,Stage 2 (advance),23,False,,,11.39,22440439245.850002,1295087.0,113902901.65
INTU,False,0,0,,,,,,358.06,False,False,False,False,False,False,0,0,False,1,Stage 1 (base),2,False,,,-33.07,97942658220.0,4882945.0,1748387286.7
ISRG,False,0,0,,,,,,372.6,False,False,False,False,False,False,0,0,False,4,Stage 4 (decline),14,False,,,-28.51,133494396958.8,2118930.0,789513318.0
IP,False,0,0,,,,,,39.31,False,False,False,False,False,False,0,0,False,1,Stage 1 (base),6,False,,,-8.28,20817392572.45,3353854.0,131840000.74000001
IVZ,False,0,0,,,,,,32.86,False,False,False,False,False,False,0,0,False,2,Stage 2 (advance),19,False,,,15.64,14507682770.8,3368703.0,110695580.58
INVH,False,35,37,28.0,0.68,falling,23.02,-5.35,29.24,True,False,False,False,False,False,0,44,False,2,Stage 2 (advance),10,False,,,-3.89,17369786793.44,3407788.0,99643721.11999999
IQV,False,0,0,,,,,,261.75,False,False,False,False,False,False,0,0,False,1,Stage 1 (base),10,False,,,18.2,43084050000.0,1328323.0,347688545.25
IRM,False,0,0,,,,,,117.4,False,False,False,False,False,False,0,0,False,2,Stage 2 (advance),25,False,,,0.55,34950310128.8,1239446.0,145510960.4
JBHT,False,0,0,,,,,,261.03,False,False,False,False,False,False,0,0,False,2,Stage 2 (advance),41,False,,,9.38,24514616527.17,693991.0,181152470.73
JBL,False,0,0,,,,,,301.45,False,False,False,False,False,False,0,0,False,3,Stage 3 (top),1,False,,,0.37,31588067979.05,865774.0,260987572.29999998
JKHY,False,0,25,34.46,0.91,rising,-30.97,-3.01,169.73,True,False,False,False,True,False,1,7,False,1,Stage 1 (base),4,False,,,-3.03,12059448889.4,1141845.0,193805351.85
J,False,30,22,31.69,0.89,rising,1.71,0.24,151.98,True,True,False,True,True,True,1,0,False,1,Stage 1 (base),7,False,,,1.3,17787528099.78,812229.0,123442563.41999999
JCI,False,0,0,,,,,,139.59,False,False,False,False,False,False,0,0,False,3,Stage 3 (top),1,False,,,-1.57,84555451797.3,2773052.0,387090328.68
JNJ,False,0,0,,,,,,268.04,False,False,False,False,False,False,0,0,False,2,Stage 2 (advance),58,False,,,9.74,645949219939.88,6414973.0,1719469362.92
JPM,False,50,39,29.52,0.63,rising,19.81,-2.42,357.62,False,False,False,True,True,True,0,0,False,2,Stage 2 (advance),9,False,,,3.8,950620547055.9,5602552.0,2003584646.24
KVUE,False,35,37,20.61,0.68,rising,24.8,-3.71,19.17,True,False,False,True,True,False,0,13,False,2,Stage 2 (advance),14,False,,,0.68,36821227362.39001,20950633.0,401623634.61
KDP,False,35,40,32.9,0.84,flat,25.38,-4.85,32.18,False,False,False,False,True,False,1,12,False,2,Stage 2 (advance),14,False,,,3.11,43791381902.84,8811209.0,283544705.62
KEYS,False,0,0,,,,,,319.97,False,False,False,False,False,False,0,0,False,2,Stage 2 (advance),44,False,,,11.76,54490891000.00001,1963481.0,628255015.57
KEY,False,0,0,,,,,,21.91,False,False,False,False,False,False,0,0,False,2,Stage 2 (advance),24,False,,,-2.62,23380786618.14,9372376.0,205348758.16
KMB,False,15,26,21.26,0.73,rising,19.61,-6.22,109.55,True,False,False,False,False,False,0,32,False,2,Stage 2 (advance),5,False,,,-5.52,36434033612.9,2877287.0,315206790.84999996
KMI,False,0,0,,,,,,31.56,False,False,False,False,False,False,0,0,False,3,Stage 3 (top),2,False,,,-3.61,70277873928.84,11201533.0,353520381.47999996
KIM,False,0,0,,,,,,23.78,False,False,False,False,False,False,0,0,False,3,Stage 3 (top),1,False,,,-3.42,15951371289.94,3500694.0,83246503.32000001
KKR,False,0,0,,,,,,108.68,False,False,False,False,False,False,0,0,False,1,Stage 1 (base),5,False,,,-10.84,97555037116.68001,3451559.0,375115432.12
KLAC,False,0,0,,,,,,175.54,False,False,False,False,False,False,0,0,False,3,Stage 3 (top),2,False,,,2.21,229351222287.81998,9015396.0,1582562613.84
KHC,False,35,43,22.16,1.03,rising,15.37,-8.51,25.7,True,False,False,False,False,False,0,12,False,2,Stage 2 (advance),5,False,,,-2.17,30475670580.6,14353327.0,368880503.9
LHX,False,0,24,34.91,1.23,falling,-12.72,-29.51,262.82,True,False,False,False,False,True,1,0,False,4,Stage 4 (decline),2,False,,,-22.8,48940925377.119995,1737075.0,456538051.5
KR,False,30,68,32.85,0.89,falling,-11.83,-23.71,57.72,False,False,False,False,False,True,1,0,False,4,Stage 4 (decline),9,False,,,-18.56,35362001117.04,5790917.0,334251729.24
LH,False,50,47,34.69,0.86,rising,28.74,-1.96,335.11,False,False,False,True,True,True,1,0,False,2,Stage 2 (advance),6,False,,,11.2,27177421000.0,641304.0,214907383.44
LRCX,False,0,0,,,,,,301.9,False,False,False,False,False,False,0,0,False,2,Stage 2 (advance),63,False,,,18.94,377773809900.0,7465111.0,2253717010.8999996
LVS,False,0,0,,,,,,45.04,False,False,False,False,False,False,0,0,False,4,Stage 4 (decline),12,False,,,-24.63,29172461327.36,4493229.0,202375034.16
LDOS,False,0,0,,,,,,140.66,False,False,False,False,False,False,0,0,False,1,Stage 1 (base),1,False,,,-21.33,17651734117.94,1037505.0,145935453.29999998
LII,False,0,0,,,,,,393.39,False,False,False,False,False,False,0,0,False,4,Stage 4 (decline),1,False,,,-29.36,13595823938.25,422999.0,166403576.60999998
LEN,False,0,0,,,,,,86.33,False,False,False,False,False,False,0,0,False,4,Stage 4 (decline),24,False,,,-25.2,20796477608.86,2478256.0,213947840.48
LYV,False,35,36,33.92,0.68,rising,42.92,-3.38,181.65,False,False,False,True,True,True,0,0,False,2,Stage 2 (advance),13,False,,,3.74,42317094083.25,1584726.0,287865477.90000004
LLY,False,0,0,,,,,,1174.61,False,False,False,False,False,False,0,0,False,2,Stage 2 (advance),16,False,,,5.82,1047448372901.6599,2596075.0,3049375655.7499995
LIN,False,0,0,,,,,,489.51,False,False,False,False,False,False,0,0,False,3,Stage 3 (top),5,False,,,-6.18,225654399590.13,1980660.0,969552876.6
L,False,15,30,13.86,0.8,flat,15.47,-9.28,109.72,False,False,False,False,False,True,0,0,False,3,Stage 3 (top),2,False,,,-6.89,22429809438.4,547574.0,60079819.28
LMT,False,15,24,23.87,0.72,rising,13.81,-12.89,563.85,False,False,False,False,False,True,0,0,False,3,Stage 3 (top),2,False,,,-5.07,130131366079.05,1021479.0,575960934.15
LOW,False,0,28,33.68,1.03,flat,-26.85,-27.43,208.05,True,False,False,False,False,False,1,35,False,4,Stage 4 (decline),18,False,,,-20.86,116655099880.05,3400809.0,707538312.45
LULU,False,0,0,,,,,,120.81,False,False,False,False,False,False,0,0,False,4,Stage 4 (decline),26,False,,,-31.16,13718448833.58,3115925.0,376434899.25
LITE,False,0,0,,,,,,895.0,False,False,False,False,False,False,0,0,False,2,Stage 2 (advance),4,True,3.0,1.01,44.49,80281500000.0,4296164.0,3845066780.0
LYB,False,0,0,,,,,,63.67,False,False,False,False,False,False,0,0,False,3,Stage 3 (top),1,False,,,2.89,20567826403.84,3636396.0,231529333.32
MPC,False,0,0,,,,,,368.83,False,False,False,False,False,False,0,0,False,2,Stage 2 (advance),30,False,,,49.23,103576597337.29,2400562.0,885399282.4599999
MTB,False,0,0,,,,,,237.29,False,False,False,False,False,False,0,0,False,2,Stage 2 (advance),15,False,,,1.73,34268534809.98,931109.0,220942854.60999998
MLM,False,20,44,31.05,1.16,falling,-22.11,-25.11,531.05,False,False,False,False,False,False,1,26,False,4,Stage 4 (decline),16,False,,,-20.95,37714842811.1,611447.0,324708929.34999996
MAR,False,0,0,,,,,,351.08,False,False,False,False,False,False,0,0,False,3,Stage 3 (top),1,False,,,-2.6,91549828391.04,1386905.0,486914607.4
MRSH,False,30,30,21.1,0.7,rising,2.12,-2.95,192.64,True,True,False,False,True,False,0,31,False,1,Stage 1 (base),9,False,,,-2.96,91929978667.51999,2068738.0,398521688.32
MRVL,False,0,0,,,,,,216.62,False,False,False,False,False,False,0,0,False,2,Stage 2 (advance),27,False,,,48.49,194677393268.06,29273821.0,6341295105.02
MAS,False,15,21,32.07,0.81,rising,29.61,-12.04,73.25,False,False,False,True,False,False,1,12,False,2,Stage 2 (advance),12,False,,,-3.25,14443979247.5,1622074.0,118816920.5
MA,False,45,78,23.35,0.9,rising,-0.32,-0.99,595.3,False,True,False,False,True,True,0,0,False,1,Stage 1 (base),9,False,,,0.43,521488717281.99994,2947171.0,1754450896.3
MKC,False,0,0,,,,,,55.33,False,False,False,False,False,False,0,0,False,1,Stage 1 (base),3,False,,,-14.77,14875556372.16,2516972.0,139264060.76
MCD,False,30,81,27.24,1.28,falling,-20.44,-21.93,265.0,False,False,False,False,False,False,1,25,False,4,Stage 4 (decline),13,False,,,-19.23,187525005715.0,4200827.0,1113219155.0
MCK,False,15,30,34.03,1.21,rising,2.44,-10.47,893.39,False,True,False,False,False,True,2,0,False,3,Stage 3 (top),7,False,,,-2.16,104160664400.56999,908538.0,811678763.8199999
MDT,False,0,21,27.61,0.84,rising,-22.03,-3.68,91.23,False,False,False,False,True,True,0,0,False,1,Stage 1 (base),4,False,,,-7.88,116772653949.03,6719201.0,612992707.23
META,False,0,23,30.97,1.0,falling,-18.22,-16.34,578.02,True,False,False,False,False,True,2,0,False,4,Stage 4 (decline),6,False,,,-18.3,1472509548174.5,17398348.0,10056593110.96
MET,False,15,21,34.18,0.92,rising,36.47,-4.38,96.51,False,False,False,True,True,True,1,0,False,2,Stage 2 (advance),12,False,,,9.5,61329878224.770004,2938809.0,283624456.59000003
MRK,False,0,0,,,,,,148.35,False,False,False,False,False,False,0,0,False,2,Stage 2 (advance),40,False,,,22.65,366004912497.3,13796926.0,2046773972.1
MTD,False,0,0,,,,,,1398.58,False,False,False,False,False,False,0,0,False,1,Stage 1 (base),9,False,,,-4.17,28022730686.219997,190621.0,266598718.17999998
MGM,False,0,0,,,,,,42.28,False,False,False,False,False,False,0,0,False,2,Stage 2 (advance),18,False,,,0.27,10817390215.800001,1838616.0,77736684.48
MCHP,False,0,0,,,,,,72.93,False,False,False,False,False,False,0,0,False,3,Stage 3 (top),3,False,,,-9.06,39601623834.630005,8417062.0,613856331.6600001
MU,False,0,0,,,,,,932.86,False,False,False,False,False,False,0,0,False,2,Stage 2 (advance),60,False,,,70.58,1053565694841.86,26417117.0,24643471764.62
MSFT,False,0,0,,,,,,513.53,False,False,False,False,False,False,0,0,False,1,Stage 1 (base),5,False,,,4.24,3813240375993.23,23136784.0,11881432687.519999
MRNA,False,0,0,,,,,,137.99,False,False,False,False,False,False,0,0,False,2,Stage 2 (advance),36,False,,,170.01,55090560323.11,54790532.0,7560545510.68
TAP,False,20,39,33.27,0.86,rising,-19.43,-22.68,41.46,True,False,False,False,False,True,1,1,False,4,Stage 4 (decline),23,False,,,-15.09,7730380062.18,2416962.0,100207244.52
MDLZ,False,35,43,22.42,0.79,flat,21.16,-6.44,62.36,False,False,False,False,False,False,0,49,False,2,Stage 2 (advance),10,False,,,-3.7,79590570434.52,7071023.0,440948994.28
MPWR,False,0,0,,,,,,1256.26,False,False,False,False,False,False,0,0,False,3,Stage 3 (top),2,False,,,-2.68,61736385180.0,603841.0,758581294.66
MNST,False,0,0,,,,,,46.86,False,False,False,False,False,False,0,0,False,3,Stage 3 (top),3,False,,,-44.52,91801165661.04,9736458.0,456250421.88
MCO,False,30,90,34.68,0.71,rising,-7.81,-5.21,514.95,False,False,False,False,False,True,0,0,False,1,Stage 1 (base),9,False,,,-1.61,89179547710.8,675438.0,347816798.1
MS,False,0,0,,,,,,214.77,False,False,False,False,False,False,0,0,False,2,Stage 2 (advance),21,False,,,7.73,337310522532.84,3903169.0,838283606.13
MAA,False,35,44,19.38,0.85,falling,4.05,-9.21,129.61,False,False,False,False,False,False,1,8,False,1,Stage 1 (base),2,False,,,-9.88,15037605846.770002,719931.0,93310256.91000001
MOS,False,0,0,,,,,,23.6,False,False,False,False,False,False,0,0,False,4,Stage 4 (decline),1,False,,,-16.59,7502337245.6,8360004.0,197296094.4
MSI,False,60,91,34.46,0.93,rising,25.82,-1.53,486.0,False,False,False,False,True,True,2,0,False,2,Stage 2 (advance),5,False,,,3.79,80429980968.0,1028590.0,499894740.0
MSCI,False,45,93,26.56,0.95,falling,2.31,-11.16,570.76,False,False,False,False,False,False,2,4,False,3,Stage 3 (top),6,False,,,-8.69,41494252000.0,519846.0,296707302.96
NTAP,False,0,0,,,,,,187.02,False,False,False,False,False,False,0,0,False,2,Stage 2 (advance),13,False,,,35.26,36699732240.3,2040798.0,381670041.96000004
NDAQ,False,35,50,27.67,0.73,rising,-6.81,-1.78,99.31,False,False,False,False,True,True,0,0,False,1,Stage 1 (base),10,False,,,0.36,55512042813.32,2567175.0,254946149.25
NWSA,False,30,28,31.5,0.95,rising,13.17,-2.18,30.97,False,True,False,True,True,True,1,0,False,2,Stage 2 (advance),4,True,3.0,1.36,6.2,16635843001.13,3535031.0,109479910.07
NFLX,False,0,0,,,,,,81.72,False,False,False,False,False,False,0,0,False,4,Stage 4 (decline),20,False,,,-21.44,340277150322.72,27888292.0,2279031222.24
NWS,False,30,29,34.53,0.88,rising,11.37,-2.54,34.85,False,True,False,True,True,True,1,0,False,2,Stage 2 (advance),4,True,3.0,1.1,5.07,18720023525.65,1022467.0,35632974.95
NEM,False,0,0,,,,,,127.98,False,False,False,False,False,False,0,0,False,3,Stage 3 (top),3,False,,,13.18,134851536842.58,8161009.0,1044445931.82
NEE,False,15,25,17.6,1.06,falling,9.91,-16.52,81.84,False,False,False,False,False,True,0,0,False,3,Stage 3 (top),5,False,,,-13.05,170716456624.56,10619382.0,869090222.88
NCLH,False,0,0,,,,,,16.65,False,False,False,False,False,False,0,0,False,4,Stage 4 (decline),9,False,,,-27.35,7645477635.9,14290899.0,237943468.35
NI,False,15,28,20.17,1.46,falling,10.79,-17.0,40.57,False,False,False,False,False,True,1,0,False,3,Stage 3 (top),5,False,,,-16.52,19455753257.0,5072793.0,205803212.01
NKE,False,0,0,,,,,,39.6,False,False,False,False,False,False,0,0,False,4,Stage 4 (decline),28,False,,,-34.87,58746548638.8,31514097.0,1247958241.2
NDSN,False,0,0,,,,,,324.59,False,False,False,False,False,False,0,0,False,2,Stage 2 (advance),51,False,,,10.56,18079457209.94,531570.0,172542306.29999998
NTRS,False,0,0,,,,,,186.79,False,False,False,False,False,False,0,0,False,2,Stage 2 (advance),22,False,,,13.17,34174286423.87,957671.0,178883366.09
NOC,False,0,21,34.15,0.79,flat,-16.01,-22.06,545.57,True,False,False,False,False,True,0,0,False,4,Stage 4 (decline),11,False,,,-17.82,77505325094.82,702105.0,383047424.85
NSC,False,30,27,25.81,0.93,rising,27.71,-2.38,348.68,False,False,False,True,True,True,1,0,False,2,Stage 2 (advance),21,False,,,5.01,78316447497.64,1164280.0,405961150.40000004
NRG,False,0,0,,,,,,111.12,False,False,False,False,False,False,0,0,False,4,Stage 4 (decline),16,False,,,-33.43,23358588870.96,2610794.0,290111429.28000003
NVR,False,0,0,,,,,,6396.27,False,False,False,False,False,False,0,0,False,4,Stage 4 (decline),24,False,,,-17.96,17045164072.2,30146.0,192821955.42000002
NUE,False,0,0,,,,,,250.5,False,False,False,False,False,False,0,0,False,2,Stage 2 (advance),55,False,,,20.7,56832356838.0,1709041.0,428114770.5
NVDA,False,15,30,34.56,0.79,rising,22.46,-7.92,217.55,False,False,False,True,False,True,1,0,False,2,Stage 2 (advance),21,False,,,2.47,5253179850000.0,141527278.0,30789259328.9
NXPI,False,0,0,,,,,,223.58,False,False,False,False,False,False,0,0,False,3,Stage 3 (top),5,False,,,-13.79,56378866022.920006,2863298.0,640176166.84
ODFL,False,0,0,,,,,,198.63,False,False,False,False,False,False,0,0,False,3,Stage 3 (top),2,False,,,-1.92,41187245827.86,1241982.0,246694884.66
ORLY,False,30,57,24.93,0.78,falling,-11.8,-18.6,88.5,False,False,False,False,False,True,0,0,False,4,Stage 4 (decline),3,False,,,-15.31,71593030092.0,4669188.0,413223138.0
OXY,False,0,0,,,,,,59.1,False,False,False,False,False,False,0,0,False,2,Stage 2 (advance),8,False,,,7.23,59078568626.1,6832260.0,403786566.0
ON,False,0,0,,,,,,72.61,False,False,False,False,False,False,0,0,False,3,Stage 3 (top),5,False,,,-7.26,28268424489.93,6883231.0,499791402.90999997
OMC,False,60,65,32.16,0.53,rising,13.28,-1.44,88.28,True,True,False,True,True,False,0,14,False,2,Stage 2 (advance),6,False,,,4.55,24219261966.760002,1905800.0,168244024.0
OKE,False,0,0,,,,,,94.76,False,False,False,False,False,False,0,0,False,2,Stage 2 (advance),25,False,,,7.94,59733829644.920006,3283978.0,311189755.28000003
ORCL,False,0,0,,,,,,150.85,False,False,False,False,False,False,0,0,False,4,Stage 4 (decline),10,False,,,-28.39,434519050350.0,19511164.0,2943259089.4
OTIS,False,0,0,,,,,,71.74,False,False,False,False,False,False,0,0,False,4,Stage 4 (decline),25,False,,,-20.48,27309218379.859997,3092276.0,221839880.23999998
PKG,False,15,28,27.13,0.62,rising,28.73,-7.54,240.39,False,False,False,False,False,True,0,0,False,2,Stage 2 (advance),14,False,,,-0.11,21418340096.61,490158.0,117829081.61999999
PLTR,False,0,0,,,,,,186.29,False,False,False,False,False,False,0,0,False,1,Stage 1 (base),4,False,,,7.56,447665764239.19995,31019696.0,5778659167.84
PCAR,False,15,20,21.73,0.98,rising,20.79,-9.74,125.34,False,False,False,False,False,True,0,0,False,2,Stage 2 (advance),13,False,,,-0.31,65974583209.020004,2304312.0,288822466.08
PANW,False,0,0,,,,,,371.59,False,False,False,False,False,False,0,0,False,2,Stage 2 (advance),12,False,,,50.79,302845850000.0,5311933.0,1973861183.4699998
PSKY,False,0,0,,,,,,10.88,False,False,False,False,False,False,0,0,False,1,Stage 1 (base),2,False,,,-19.92,12206770075.52,9107331.0,99087761.28
PH,False,15,22,27.14,1.06,rising,18.19,-9.54,995.02,False,False,False,False,False,True,1,0,False,2,Stage 2 (advance),11,False,,,0.58,125419752604.38,636482.0,633312319.64
PYPL,False,0,0,,,,,,53.66,False,False,False,False,False,False,0,0,False,1,Stage 1 (base),7,False,,,-10.74,45904030498.84,12783104.0,685941360.64
PAYX,False,0,0,,,,,,127.04,False,False,False,False,False,False,0,0,False,2,Stage 2 (advance),2,True,1.0,0.76,8.7,45185950534.4,2108511.0,267865237.44000003
PNR,False,0,0,,,,,,61.67,False,False,False,False,False,False,0,0,False,4,Stage 4 (decline),24,False,,,-38.92,9842532000.0,2895447.0,178562216.49
PEP,False,20,39,22.38,0.88,falling,-3.8,-16.13,141.07,False,False,False,False,False,False,0,39,False,3,Stage 3 (top),16,False,,,-12.86,192545252087.06,6848499.0,966117753.93
PFE,False,50,33,18.17,0.81,rising,7.31,-2.17,27.96,False,True,False,True,True,False,1,5,False,2,Stage 2 (advance),4,True,3.0,1.03,1.45,159362873548.44,33930230.0,948689230.8000001
PM,False,15,23,23.33,0.85,rising,29.79,-7.64,191.89,False,False,False,False,False,True,0,0,False,2,Stage 2 (advance),16,False,,,3.36,299082332809.70996,4694428.0,900813788.92
PCG,False,15,27,17.89,1.37,falling,19.51,-12.86,16.6,False,False,True,False,False,False,2,42,False,3,Stage 3 (top),1,False,,,-9.14,36559290639.600006,32495986.0,539433367.6
PSX,False,0,0,,,,,,244.01,False,False,False,False,False,False,0,0,False,2,Stage 2 (advance),35,False,,,38.81,97365093713.16,2655114.0,647874367.14
PNW,False,0,0,,,,,,97.64,False,False,False,False,False,False,0,0,False,3,Stage 3 (top),2,False,,,-6.64,11833697927.76,1011944.0,98806212.16
PNC,False,0,0,,,,,,242.22,False,False,False,False,False,False,0,0,False,2,Stage 2 (advance),22,False,,,2.71,96632135020.74,1638759.0,396940204.98
PPG,False,35,41,34.32,0.67,falling,19.7,-12.8,114.22,False,False,False,False,False,False,0,31,False,2,Stage 2 (advance),4,True,3.0,0.81,-4.39,25391106000.0,1171652.0,133826091.44
PPL,False,45,56,18.94,1.07,falling,4.75,-14.05,34.2,False,False,False,False,False,True,2,0,False,3,Stage 3 (top),17,False,,,-14.08,25737033562.2,7808412.0,267047690.40000004
PFG,False,0,0,,,,,,111.41,False,False,False,False,False,False,0,0,False,2,Stage 2 (advance),23,False,,,8.03,23853398053.809998,819567.0,91307959.47
PLD,False,15,20,7.43,1.23,falling,20.17,-8.25,140.7,False,False,False,False,False,True,0,0,False,2,Stage 2 (advance),44,False,,,-3.21,133711905440.4,2854299.0,401599869.29999995
PGR,False,35,35,22.02,0.73,flat,6.06,-8.66,218.64,True,True,False,False,False,False,1,3,False,2,Stage 2 (advance),1,True,0.0,0.45,-6.07,127051703999.99998,2377033.0,519714495.11999995
PG,False,45,65,18.76,0.99,falling,4.69,-12.74,143.78,False,False,False,False,False,False,1,32,False,1,Stage 1 (base),2,False,,,-11.38,334206985366.8,10025103.0,1441409309.34
PRU,False,15,22,34.63,0.96,rising,14.91,-5.13,119.79,False,True,False,True,False,True,0,0,False,2,Stage 2 (advance),8,False,,,4.57,41327550000.0,1535115.0,183891425.85000002
PEG,False,30,94,22.89,0.92,falling,-2.0,-18.77,73.19,False,False,False,False,False,False,0,5,False,1,Stage 1 (base),14,False,,,-16.87,36479361995.7,2157222.0,157887078.18
PTC,False,0,0,,,,,,157.15,False,False,False,False,False,False,0,0,False,1,Stage 1 (base),4,False,,,-11.36,17051758916.150002,1073991.0,168777685.65
PSA,False,15,20,13.76,0.69,flat,33.88,-6.57,313.51,False,False,False,False,False,True,0,2,False,2,Stage 2 (advance),14,False,,,-2.52,58546659455.479996,637031.0,199715588.81
PHM,False,35,41,29.19,0.68,rising,7.39,-10.66,128.55,False,False,False,False,False,False,0,4,False,2,Stage 2 (advance),6,False,,,-7.3,24487020678.15,1170211.0,150430624.05
PWR,False,0,0,,,,,,602.7,False,False,False,False,False,False,0,0,False,3,Stage 3 (top),1,False,,,0.16,90611962961.1,1240019.0,747359451.3000001
QCOM,False,0,0,,,,,,164.19,False,False,False,False,False,False,0,0,False,3,Stage 3 (top),3,False,,,-10.77,175364851360.53,10035864.0,1647788510.16
DGX,False,30,21,31.5,0.84,rising,42.98,-1.19,242.76,False,False,False,True,True,True,1,0,False,2,Stage 2 (advance),15,False,,,12.92,26794236873.6,847193.0,205664572.68
RL,False,15,26,26.38,1.04,flat,11.01,-15.82,354.04,False,False,False,False,False,True,1,0,False,3,Stage 3 (top),1,False,,,-9.83,21094495895.56,531524.0,188180756.96
RJF,False,60,57,28.88,0.77,rising,7.88,-1.84,179.36,False,True,False,False,True,True,0,0,False,2,Stage 2 (advance),3,True,2.0,0.71,1.55,34501996484.96,1101708.0,197602346.88000003
RTX,False,15,25,31.23,0.87,rising,20.45,-6.69,211.71,False,False,False,False,False,True,1,0,False,2,Stage 2 (advance),9,False,,,3.3,285333876666.24,4579404.0,969505620.84
O,False,15,28,10.4,0.94,flat,19.13,-7.31,61.98,False,False,False,False,False,True,1,0,False,3,Stage 3 (top),1,False,,,-6.33,58646593685.34,4800785.0,297552654.3
REGN,False,15,25,31.73,0.81,rising,-7.31,-2.54,794.19,False,False,False,False,True,False,0,19,False,3,Stage 3 (top),5,False,,,2.45,81765821919.72,647111.0,513929085.09000003
REG,False,15,22,9.73,0.95,falling,25.68,-9.73,75.52,False,False,False,False,False,True,0,0,False,3,Stage 3 (top),3,False,,,-7.26,13829263709.439999,960674.0,72550100.47999999
RF,False,15,27,28.82,0.52,rising,25.21,-6.59,30.33,False,False,False,True,False,True,0,0,False,2,Stage 2 (advance),15,False,,,0.45,25839021916.98,7426108.0,225233855.64
RSG,False,35,43,15.19,0.97,flat,4.04,-4.3,222.11,False,True,False,False,True,True,2,0,False,1,Stage 1 (base),10,False,,,-6.75,68012964543.58,1400730.0,311116140.3
RVTY,False,30,20,34.88,1.15,rising,21.31,8.84,128.8,True,False,False,True,True,True,3,0,False,2,Stage 2 (advance),14,False,,,17.79,14372328448.800001,1514446.0,195060644.8
RMD,False,0,0,,,,,,240.33,False,False,False,False,False,False,0,0,False,1,Stage 1 (base),3,False,,,-7.73,34668156700.98,1436244.0,345172520.52000004
HOOD,False,0,0,,,,,,104.26,False,False,False,False,False,False,0,0,False,1,Stage 1 (base),4,False,,,-7.58,93738317782.98001,21656736.0,2257931295.36
ROL,False,0,0,,,,,,36.38,False,False,False,False,False,False,0,0,False,4,Stage 4 (decline),17,False,,,-38.47,17504069797.52,3927088.0,142867461.44
ROP,False,0,0,,,,,,426.2,False,False,False,False,False,False,0,0,False,1,Stage 1 (base),7,False,,,-3.65,42151552498.799995,651622.0,277721296.4
ROST,False,0,0,,,,,,228.55,False,False,False,False,False,False,0,0,False,2,Stage 2 (advance),47,False,,,4.18,73314514919.8,3548199.0,810940881.45
ROK,False,0,0,,,,,,430.86,False,False,False,False,False,False,0,0,False,2,Stage 2 (advance),21,False,,,-2.92,47846432541.36,606470.0,261303664.20000002
RCL,False,15,29,25.6,0.65,flat,10.1,-20.77,279.41,True,False,False,False,False,True,0,0,False,1,Stage 1 (base),1,False,,,-12.89,74728786790.44,1440473.0,402482560.93
CRM,False,0,0,,,,,,256.0,False,False,False,False,False,False,0,0,False,1,Stage 1 (base),4,False,,,10.25,210688000000.0,19193163.0,4913449728.0
SPGI,False,0,20,18.48,0.87,flat,-26.24,-3.93,442.89,True,False,False,True,True,False,0,8,False,1,Stage 1 (base),3,False,,,-8.55,130563972000.0,1684305.0,745961841.4499999
SBAC,False,20,39,33.93,0.94,falling,-2.58,-13.82,190.95,True,False,False,False,False,False,1,28,False,3,Stage 3 (top),2,False,,,-9.78,20257524604.5,717005.0,136912104.75
NOW,False,0,0,,,,,,144.71,False,False,False,False,False,False,0,0,False,1,Stage 1 (base),5,False,,,-1.38,149610170020.0,18086402.0,2617283233.42
STX,False,0,0,,,,,,829.76,False,False,False,False,False,False,0,0,False,2,Stage 2 (advance),63,False,,,51.05,188060555255.68,3657076.0,3034495381.7599998
SLB,False,0,0,,,,,,57.33,False,False,False,False,False,False,0,0,False,2,Stage 2 (advance),3,True,2.0,0.57,14.49,85085931433.23,10060599.0,576774140.67
SRE,False,35,34,18.83,1.13,falling,2.51,-15.96,84.31,False,False,False,False,False,True,1,0,False,3,Stage 3 (top),11,False,,,-15.1,55130338339.880005,3605989.0,304020932.59000003
SPG,False,0,0,,,,,,214.56,False,False,False,False,False,False,0,0,False,2,Stage 2 (advance),22,False,,,0.44,69422929538.4,1007476.0,216164050.56
SHW,False,45,99,30.96,0.88,rising,3.38,-12.49,344.86,False,True,False,False,False,False,1,5,False,1,Stage 1 (base),6,False,,,-6.87,83717575953.86,1588092.0,547669407.12
SWKS,False,0,0,,,,,,65.79,False,False,False,False,False,False,0,0,False,2,Stage 2 (advance),4,True,3.0,1.3,-8.49,9899604327.78,4641278.0,305349679.62
SJM,False,80,123,33.64,0.72,rising,35.02,4.65,132.34,True,False,False,False,True,True,1,0,True,2,Stage 2 (advance),9,False,,,14.8,14136980038.220001,1502515.0,198842835.1
SW,False,15,23,32.98,0.82,rising,35.76,-6.27,48.29,True,False,False,True,False,True,0,0,False,2,Stage 2 (advance),11,False,,,5.96,25329211227.32,4315271.0,208384436.59
SNA,False,15,22,16.56,0.85,flat,25.88,-6.79,391.86,False,False,False,False,False,True,1,0,False,2,Stage 2 (advance),42,False,,,-1.9,20269790810.64,256257.0,100416868.02000001
SO,False,45,58,17.91,1.05,falling,15.51,-10.36,88.25,False,False,False,False,False,True,0,0,False,3,Stage 3 (top),4,False,,,-12.38,101519531749.5,5710212.0,503926209.0
SBUX,False,0,0,,,,,,107.85,False,False,False,False,False,False,0,0,False,2,Stage 2 (advance),22,False,,,4.85,122949000000.0,6109698.0,658930929.3
SWK,False,0,0,,,,,,97.8,False,False,False,False,False,False,0,0,False,2,Stage 2 (advance),14,False,,,13.32,14769427489.8,1426551.0,139516687.79999998
LUV,False,0,0,,,,,,39.64,False,False,False,False,False,False,0,0,False,3,Stage 3 (top),2,False,,,-11.13,19392213087.64,4375487.0,173444304.68
STT,False,0,0,,,,,,193.33,False,False,False,False,False,False,0,0,False,2,Stage 2 (advance),64,False,,,26.76,53108092227.450005,1273969.0,246296426.77
STLD,False,0,0,,,,,,234.66,False,False,False,False,False,False,0,0,False,2,Stage 2 (advance),54,False,,,10.32,33634085770.52,1452448.0,340831447.68
STE,False,0,21,17.43,0.98,rising,-23.83,-3.15,233.78,False,False,False,False,True,False,1,4,False,1,Stage 1 (base),5,False,,,-10.35,22793575715.8,572515.0,133842556.7
SYK,False,0,24,20.26,1.12,rising,-14.13,-6.54,330.69,True,False,False,False,False,False,3,27,False,1,Stage 1 (base),1,False,,,-13.4,126843770581.74,2309641.0,763775182.29
SMCI,False,0,0,,,,,,37.08,False,False,False,False,False,False,0,0,False,1,Stage 1 (base),4,False,,,-2.97,23986051841.16,42332489.0,1569688692.12
SYF,False,20,33,28.06,0.85,rising,-9.04,-4.72,78.05,False,False,False,False,True,True,0,0,False,1,Stage 1 (base),5,False,,,-4.77,25395194062.0,3674941.0,286829145.05
SNPS,False,0,0,,,,,,442.61,False,False,False,False,False,False,0,0,False,1,Stage 1 (base),1,False,,,-10.97,84820295886.06,1964140.0,869348005.4
SYY,False,35,50,27.15,0.93,rising,20.03,-9.52,81.94,False,False,False,False,False,True,0,0,False,2,Stage 2 (advance),8,False,,,-5.57,39257127551.04,2028019.0,166175876.85999998
TMUS,False,0,23,21.41,0.78,falling,-12.6,-15.71,181.37,True,False,False,False,False,False,0,5,False,4,Stage 4 (decline),24,False,,,-18.58,194550450449.81,4000172.0,725511195.64
TROW,False,15,22,33.05,0.77,flat,21.23,-8.82,111.24,False,False,False,True,False,True,1,0,False,2,Stage 2 (advance),11,False,,,-0.52,23729255154.0,1161722.0,129229955.28
TTWO,False,20,35,34.42,1.26,rising,-2.41,-11.49,235.39,False,False,False,False,False,True,1,0,False,1,Stage 1 (base),11,False,,,-8.27,44013326477.77,2469649.0,581330678.11
TRGP,False,0,0,,,,,,287.82,False,False,False,False,False,False,0,0,False,2,Stage 2 (advance),36,False,,,19.97,61717536464.22,1460204.0,420275915.28
TPR,False,0,0,,,,,,125.49,False,False,False,False,False,False,0,0,False,3,Stage 3 (top),3,False,,,-13.57,25021661672.219997,3751319.0,470753021.31
TDY,False,0,0,,,,,,621.96,False,False,False,False,False,False,0,0,False,3,Stage 3 (top),2,False,,,-5.84,28831374379.08,240650.0,149674674.0
TEL,False,20,37,25.68,0.9,falling,-19.14,-19.13,202.66,False,False,False,False,False,True,1,0,False,4,Stage 4 (decline),2,False,,,-15.38,58672750786.479996,1973037.0,399855678.42
TGT,False,0,0,,,,,,163.18,False,False,False,False,False,False,0,0,False,2,Stage 2 (advance),33,False,,,31.48,74131280605.98,6065428.0,989756541.0400001
TER,False,0,0,,,,,,354.97,False,False,False,False,False,False,0,0,False,2,Stage 2 (advance),47,False,,,17.54,55496276027.50001,2544903.0,903364217.9100001
TSLA,False,0,0,,,,,,348.75,False,False,False,False,False,False,0,0,False,4,Stage 4 (decline),13,False,,,-22.16,1377404653657.5,34129215.0,11902563731.25
TXN,False,0,0,,,,,,258.64,False,False,False,False,False,False,0,0,False,2,Stage 2 (advance),27,False,,,6.33,236202381507.03998,5756714.0,1488916508.96
TPL,False,0,0,,,,,,364.38,False,False,False,False,False,False,0,0,False,3,Stage 3 (top),5,False,,,-11.79,25132994991.54,372687.0,135799689.06
TXT,False,35,32,21.43,0.94,falling,0.02,-18.21,83.04,False,False,False,False,False,False,0,27,False,3,Stage 3 (top),5,False,,,-15.28,14281793587.68,1382426.0,114796655.04
TTD,False,0,0,,,,,,13.57,False,False,False,False,False,False,0,0,False,4,Stage 4 (decline),56,False,,,-59.94,6376274232.58,15824606.0,214739903.42000002
TMO,False,0,0,,,,,,622.18,False,False,False,False,False,False,0,0,False,1,Stage 1 (base),7,False,,,5.86,230049366403.47998,1701105.0,1058393508.8999999
TKO,False,20,36,22.97,0.96,falling,-10.99,-17.99,184.64,False,False,False,False,False,True,1,0,False,4,Stage 4 (decline),2,False,,,-14.51,13499233134.72,995936.0,183889623.04
TJX,False,0,30,24.25,1.33,falling,-2.07,-20.27,135.12,False,False,False,False,False,True,1,0,False,3,Stage 3 (top),3,False,,,-19.28,149267664743.52002,8607549.0,1163052020.88
TSCO,False,0,0,,,,,,34.72,False,False,False,False,False,False,0,0,False,4,Stage 4 (decline),26,False,,,-30.02,18090513556.64,7976325.0,276938004.0
TT,False,15,21,8.11,0.72,falling,30.05,-11.25,448.96,False,False,False,False,False,True,0,0,False,3,Stage 3 (top),2,False,,,-6.88,98781605545.92,957919.0,430067314.24
TDG,False,30,77,31.93,1.27,falling,-14.9,-21.94,1185.97,False,False,False,False,False,False,1,6,False,4,Stage 4 (decline),2,False,,,-16.09,65556300354.25,343913.0,407870500.61
TRV,False,0,0,,,,,,369.9,False,False,False,False,False,False,0,0,False,2,Stage 2 (advance),13,False,,,11.21,77151900637.79999,1517643.0,561376145.6999999
TRMB,False,0,0,,,,,,61.01,False,False,False,False,False,False,0,0,False,1,Stage 1 (base),1,False,,,-19.48,14222133774.189999,2563109.0,156375280.09
TYL,False,0,0,,,,,,377.94,False,False,False,False,False,False,0,0,False,1,Stage 1 (base),3,False,,,-13.12,15477502435.56,762583.0,288210619.02
TFC,False,15,30,26.06,0.71,flat,11.13,-7.68,50.43,False,False,False,False,False,True,0,0,False,2,Stage 2 (advance),10,False,,,-3.83,61606608660.84,5300662.0,267312384.66
TSN,False,0,28,22.4,1.0,falling,-1.79,-19.59,55.4,False,False,False,False,False,False,2,15,False,3,Stage 3 (top),14,False,,,-14.08,19489803764.8,2702877.0,149739385.79999998
USB,False,0,0,,,,,,62.47,False,False,False,False,False,False,0,0,False,2,Stage 2 (advance),22,False,,,5.35,97331473831.62,6336218.0,395823538.46
UBER,False,0,0,,,,,,78.82,False,False,False,False,False,False,0,0,False,1,Stage 1 (base),4,False,,,-11.35,160994588737.22,14925854.0,1176455812.28
ULTA,False,0,25,23.9,1.03,rising,-36.88,-21.27,517.5,True,False,False,False,False,False,0,9,False,4,Stage 4 (decline),3,False,,,-15.33,22246968442.5,774401.0,400752517.5
UDR,False,35,48,24.95,0.82,falling,15.77,-10.96,37.12,False,False,False,False,False,False,1,10,False,2,Stage 2 (advance),12,False,,,-7.2,11925327920.64,2859614.0,106148871.67999999
UAL,False,0,0,,,,,,110.6,False,False,False,False,False,False,0,0,False,2,Stage 2 (advance),11,False,,,-5.7,35897411916.799995,2929035.0,323951271.0
UNP,False,0,0,,,,,,307.41,False,False,False,False,False,False,0,0,False,2,Stage 2 (advance),37,False,,,11.55,182624748840.18002,2466982.0,758374936.62
UPS,False,15,21,21.0,0.76,falling,15.95,-9.64,105.33,False,False,False,False,False,False,0,8,False,2,Stage 2 (advance),1,True,0.0,0.7,-2.43,89612824032.06,4108820.0,432782010.59999996
URI,False,0,0,,,,,,1030.25,False,False,False,False,False,False,0,0,False,2,Stage 2 (advance),12,False,,,1.34,64125324292.25,426232.0,439125518.0
UNH,False,0,0,,,,,,392.95,False,False,False,False,False,False,0,0,False,2,Stage 2 (advance),13,False,,,3.31,352709895128.64996,4056296.0,1593921513.2
UHS,False,0,0,,,,,,171.66,False,False,False,False,False,False,0,0,False,4,Stage 4 (decline),1,False,,,-18.83,10117042164.9,631843.0,108462169.38
VLO,False,0,0,,,,,,352.36,False,False,False,False,False,False,0,0,False,2,Stage 2 (advance),59,False,,,46.97,101454120157.96,2011283.0,708695677.88
VEEV,False,0,0,,,,,,276.69,False,False,False,False,False,False,0,0,False,1,Stage 1 (base),9,False,,,15.39,44946434186.79,2141808.0,592616855.52
VTR,False,0,0,,,,,,91.81,False,False,False,False,False,False,0,0,False,2,Stage 2 (advance),10,False,,,2.57,47093605219.79,2712263.0,249012866.03
VRSN,False,15,26,30.27,0.89,falling,22.56,-6.3,291.93,False,False,False,False,False,True,0,0,False,2,Stage 2 (advance),14,False,,,1.69,26390472000.0,627186.0,183094408.98000002
VRSK,False,0,0,,,,,,191.77,False,False,False,False,False,False,0,0,False,1,Stage 1 (base),2,False,,,-15.11,24960018421.24,1121458.0,215062000.66000003
VRTX,False,50,38,29.28,0.87,rising,18.41,-2.52,541.69,False,False,False,True,True,True,1,0,False,2,Stage 2 (advance),10,False,,,8.58,137297247921.56001,1028989.0,557393051.4100001
VRT,False,0,0,,,,,,257.08,False,False,False,False,False,False,0,0,False,3,Stage 3 (top),2,False,,,-0.17,98972759514.84,4406804.0,1132901172.32
VZ,False,30,20,16.46,0.72,rising,27.82,0.08,50.1,False,False,False,False,True,True,0,0,False,2,Stage 2 (advance),6,False,,,4.23,208154237620.2,16799871.0,841673537.1
VICI,False,20,40,13.01,0.99,falling,-3.94,-12.31,25.87,False,False,False,False,False,False,1,30,False,1,Stage 1 (base),6,False,,,-16.33,28484876528.940002,7259725.0,187809085.75
V,False,60,73,29.64,0.97,rising,12.47,-1.03,381.6,False,True,False,False,True,True,1,0,False,2,Stage 2 (advance),3,True,2.0,0.93,3.62,712465234034.4,7364575.0,2810321820.0
VTRS,False,0,0,,,,,,16.34,False,False,False,False,False,False,0,0,False,2,Stage 2 (advance),45,False,,,10.95,18767974717.76,6781756.0,110813893.03999999
VST,False,0,0,,,,,,137.09,False,False,False,False,False,False,0,0,False,4,Stage 4 (decline),5,False,,,-25.51,46012228882.55,4017767.0,550795678.03
VMRK,False,65,62,23.16,1.86,falling,21.04,-8.34,65.54,False,False,False,False,False,False,1,7,False,2,Stage 2 (advance),13,False,,,-4.88,26139626958.940002,6752432.0,442554393.28000003
VMC,False,20,46,26.56,0.83,falling,-6.46,-16.61,274.51,False,False,False,False,False,True,1,0,False,4,Stage 4 (decline),1,False,,,-14.31,35570659642.89,799526.0,219477882.26
WRB,False,45,57,20.83,0.7,falling,7.62,-11.63,68.44,False,False,False,False,False,True,0,0,False,2,Stage 2 (advance),2,True,1.0,0.7,-11.0,25406812084.76,1481765.0,101411996.6
GWW,False,0,0,,,,,,1306.3,False,False,False,False,False,False,0,0,False,2,Stage 2 (advance),27,False,,,5.44,61527960534.6,184576.0,241111628.79999998
WAB,False,0,0,,,,,,292.23,False,False,False,False,False,False,0,0,False,2,Stage 2 (advance),44,False,,,10.42,49360817987.73,805010.0,235248072.3
WBD,False,15,22,11.64,0.59,flat,-4.98,-0.76,28.77,False,False,False,False,True,True,0,0,False,3,Stage 3 (top),14,False,,,1.95,72130322916.54,17520563.0,504066597.51
WMT,False,0,25,27.21,1.24,falling,-5.21,-23.54,103.09,False,False,False,False,False,True,0,0,False,4,Stage 4 (decline),1,False,,,-18.82,820398380088.9501,34140505.0,3519544660.4500003
DIS,False,0,30,17.86,0.96,rising,-14.76,-3.37,108.1,False,False,False,False,True,False,1,13,False,1,Stage 1 (base),4,False,,,-6.96,186654854106.19998,7871366.0,850894664.5999999
WM,False,45,81,23.64,1.02,falling,8.72,-11.12,219.66,False,False,False,False,False,True,1,0,False,3,Stage 3 (top),3,False,,,-10.34,87801437317.44,2000319.0,439390071.54
WAT,False,30,20,34.2,0.99,rising,0.93,-1.67,414.69,True,True,False,True,True,True,2,0,False,3,Stage 3 (top),28,False,,,6.26,40716692209.95,732633.0,303815578.77
WEC,False,35,52,16.36,1.19,falling,11.23,-10.64,106.22,False,False,False,False,False,True,1,0,False,3,Stage 3 (top),5,False,,,-12.6,34611721462.26,2130738.0,226326990.35999998
WFC,False,20,42,29.31,0.75,flat,-7.99,-9.86,86.69,False,False,False,False,False,True,0,0,False,1,Stage 1 (base),6,False,,,-6.09,262150502437.84,11022591.0,955548413.79
WELL,False,0,0,,,,,,238.07,False,False,False,False,False,False,0,0,False,2,Stage 2 (advance),173,False,,,7.28,171546578658.77,2282412.0,543373824.84
WST,False,0,0,,,,,,337.47,False,False,False,False,False,False,0,0,False,2,Stage 2 (advance),18,False,,,7.08,23749708402.140003,432370.0,145911903.9
WDC,False,0,0,,,,,,459.45,False,False,False,False,False,False,0,0,False,2,Stage 2 (advance),61,False,,,34.76,165650536720.8,6500610.0,2986705264.5
WSM,False,0,0,,,,,,235.09,False,False,False,False,False,False,0,0,False,2,Stage 2 (advance),11,False,,,6.44,27686079120.0,1180265.0,277468498.85
WY,False,45,54,25.43,0.89,falling,3.46,-13.34,23.64,True,False,False,False,False,True,1,2,False,3,Stage 3 (top),1,False,,,-10.77,17045447276.76,4342338.0,102652870.32000001
WMB,False,0,0,,,,,,73.73,False,False,False,False,False,False,0,0,False,2,Stage 2 (advance),1,True,0.0,0.99,-0.56,90184137710.56,6546063.0,482641224.99
WTW,False,0,0,,,,,,343.75,False,False,False,False,False,False,0,0,False,1,Stage 1 (base),8,False,,,1.79,31924728343.75,458422.0,157582562.5
WDAY,False,0,0,,,,,,204.72,False,False,False,False,False,False,0,0,False,1,Stage 1 (base),5,False,,,4.6,50560410620.88,4639799.0,949859651.28
WYNN,False,0,0,,,,,,95.26,False,False,False,False,False,False,0,0,False,4,Stage 4 (decline),22,False,,,-22.07,9809292856.66,1435719.0,136766591.94
XYL,False,0,0,,,,,,111.31,False,False,False,False,False,False,0,0,False,4,Stage 4 (decline),23,False,,,-21.56,25989417043.72,1700145.0,189243139.95000002
ZBRA,False,0,0,,,,,,356.45,False,False,False,False,False,False,0,0,False,2,Stage 2 (advance),4,True,3.0,1.85,22.97,16863884757.0,606376.0,216142725.2
XEL,False,35,39,15.74,0.93,falling,11.11,-8.14,76.45,False,False,False,False,False,True,1,0,False,3,Stage 3 (top),5,False,,,-11.05,47753292693.700005,4827893.0,369092419.85
YUM,False,45,57,22.81,1.24,falling,2.76,-9.57,153.86,False,False,False,False,False,True,1,0,False,3,Stage 3 (top),7,False,,,-8.71,41988560938.100006,2573728.0,395993790.08000004
ZBH,False,35,48,24.47,1.07,rising,8.95,-4.83,100.91,True,True,False,False,True,False,2,25,False,2,Stage 2 (advance),2,True,1.0,0.68,-1.4,19247340196.989998,1362010.0,137440429.1
ZTS,False,0,0,,,,,,77.34,False,False,False,False,False,False,0,0,False,4,Stage 4 (decline),63,False,,,-37.2,31958713378.68,4597649.0,355582173.66
AAL,False,0,0,,,,,,13.64,False,False,False,False,False,False,0,0,False,3,Stage 3 (top),1,False,,,-9.54,9029270131.640001,64383384.0,878189357.76
ACI,False,0,0,,,,,,12.53,False,False,False,False,False,False,0,0,False,4,Stage 4 (decline),26,False,,,-29.75,6081130807.99,5322578.0,66691902.339999996
AAON,False,0,0,,,,,,75.87,False,False,False,False,False,False,0,0,False,3,Stage 3 (top),6,False,,,-29.9,6255757590.93,1110401.0,84246123.87
AA,False,0,0,,,,,,50.32,False,False,False,False,False,False,0,0,False,4,Stage 4 (decline),2,False,,,-12.91,13279923272.4,4343081.0,218543835.92
ACM,False,0,0,,,,,,69.17,False,False,False,False,False,False,0,0,False,4,Stage 4 (decline),32,False,,,-33.56,8901931717.25,2534128.0,175285633.76
AEIS,False,0,0,,,,,,272.82,False,False,False,False,False,False,0,0,False,3,Stage 3 (top),2,False,,,-9.07,10926561586.44,533921.0,145664327.22
ADC,False,45,72,18.65,1.34,falling,14.23,-10.51,73.2,False,False,False,False,False,True,0,0,False,3,Stage 3 (top),4,False,,,-10.12,9104565492.0,1748180.0,127966776.0
AFG,False,35,48,19.35,0.72,rising,16.94,-3.42,143.62,False,False,False,False,True,True,0,0,False,2,Stage 2 (advance),7,False,,,-2.15,11909180946.92,328071.0,47117557.02
ALGM,False,0,0,,,,,,35.77,False,False,False,False,False,False,0,0,False,3,Stage 3 (top),2,False,,,-11.9,6667601185.420001,2180000.0,77978600.0
AGCO,False,15,27,33.96,1.26,falling,4.38,-18.88,113.39,True,False,True,False,False,False,2,24,False,3,Stage 3 (top),5,False,,,-8.87,7940897751.31,1103143.0,125085384.77
ALK,False,0,0,,,,,,42.32,False,False,False,False,False,False,0,0,False,4,Stage 4 (decline),1,False,,,-18.53,4723044038.4,2489444.0,105353270.08
AIT,False,0,0,,,,,,322.22,False,False,False,False,False,False,0,0,False,2,Stage 2 (advance),22,False,,,2.18,11825105380.320002,272338.0,87752750.36000001
ALLY,False,35,37,31.41,0.86,falling,4.93,-10.19,42.18,False,False,False,False,False,True,0,1,False,3,Stage 3 (top),1,False,,,-8.23,12831143050.74,2940156.0,124015780.08
ALSN,False,0,0,,,,,,126.32,False,False,False,False,False,False,0,0,False,2,Stage 2 (advance),4,True,3.0,1.15,6.83,10431257760.16,822297.0,103872557.03999999
ALV,False,35,44,29.07,0.76,falling,1.13,-7.64,122.07,False,True,False,False,False,True,0,2,False,1,Stage 1 (base),4,False,,,-6.78,8940067079.189999,525381.0,64133258.669999994
AM,False,0,0,,,,,,22.29,False,False,False,False,False,False,0,0,False,2,Stage 2 (advance),3,True,2.0,0.74,1.33,10580483460.0,2507310.0,55887939.9
AMG,False,0,0,,,,,,370.87,False,False,False,False,False,False,0,0,False,2,Stage 2 (advance),21,False,,,13.4,9590673351.710001,258934.0,96030852.58
AMH,False,35,39,27.75,0.68,flat,17.56,-4.36,33.54,False,False,False,False,True,False,0,31,False,2,Stage 2 (advance),9,False,,,-3.28,12068195737.26,1664983.0,55843529.82
AMKR,False,0,0,,,,,,47.88,False,False,False,False,False,False,0,0,False,3,Stage 3 (top),5,False,,,-12.85,11895904359.36,4733203.0,226625759.64000002
AN,False,20,49,23.65,0.85,rising,-8.32,-15.15,200.09,False,False,False,False,False,True,0,0,False,1,Stage 1 (base),7,False,,,-11.23,6615136672.54,328827.0,65794994.43
ANF,False,0,0,,,,,,148.42,False,False,False,False,False,False,0,0,False,1,Stage 1 (base),6,False,,,44.95,6594554398.2,3254699.0,483062425.58
APPF,False,0,0,,,,,,234.49,False,False,False,False,False,False,0,0,False,1,Stage 1 (base),5,False,,,4.34,8304930454.08,353342.0,82855165.58
APG,False,15,24,23.04,0.92,falling,2.7,-20.6,39.69,False,False,False,False,False,True,1,0,False,3,Stage 3 (top),2,False,,,-11.01,17152442187.929998,2398986.0,95215754.33999999
AR,False,15,22,21.76,0.75,flat,5.78,-15.96,38.45,False,True,False,False,False,True,0,0,False,2,Stage 2 (advance),1,True,0.0,0.62,-2.08,11821029550.0,3179515.0,122252351.75000001
ARW,False,0,0,,,,,,203.92,False,False,False,False,False,False,0,0,False,2,Stage 2 (advance),28,False,,,18.52,10380633858.16,558061.0,113799799.11999999
ARMK,False,0,0,,,,,,58.18,False,False,False,False,False,False,0,0,False,2,Stage 2 (advance),19,False,,,19.35,15298638353.52,2162148.0,125793770.64
ARWR,False,0,0,,,,,,84.91,False,False,False,False,False,False,0,0,False,2,Stage 2 (advance),51,False,,,23.39,11993916792.97,1034119.0,87807044.28999999
ATI,False,0,0,,,,,,210.76,False,False,False,False,False,False,0,0,False,2,Stage 2 (advance),65,False,,,35.97,28699269921.079998,1361963.0,287047321.88
ASB,False,15,25,33.49,0.74,rising,33.19,-4.74,30.92,False,False,False,True,True,True,0,0,False,2,Stage 2 (advance),22,False,,,3.45,5839231456.280001,1505810.0,46559645.2
ASH,False,0,0,,,,,,74.37,False,False,False,False,False,False,0,0,False,2,Stage 2 (advance),12,False,,,16.22,3405652926.9,465589.0,34625853.93
ATR,False,35,37,27.45,0.85,rising,12.5,-8.8,132.99,True,True,False,True,False,False,0,30,False,2,Stage 2 (advance),5,False,,,-4.56,8455654345.710001,355213.0,47239776.870000005
AVAV,False,0,0,,,,,,147.94,False,False,False,False,False,False,0,0,False,4,Stage 4 (decline),23,False,,,-44.09,7518697663.099999,1163873.0,172183371.62
AVTR,False,0,0,,,,,,14.58,False,False,False,False,False,False,0,0,False,2,Stage 2 (advance),1,True,0.0,0.52,21.56,9861311887.2,5728158.0,83516543.64
AVNT,False,0,0,,,,,,44.67,False,False,False,False,False,False,0,0,False,2,Stage 2 (advance),4,True,3.0,1.65,14.59,4097112298.5,713848.0,31887590.16
AVT,False,0,0,,,,,,88.63,False,False,False,False,False,False,0,0,False,2,Stage 2 (advance),30,False,,,22.15,7274128128.7699995,1113483.0,98687998.28999999
AXTA,False,0,0,,,,,,37.02,False,False,False,False,False,False,0,0,False,2,Stage 2 (advance),12,False,,,7.28,7923020288.940001,1538199.0,56944126.980000004
AYI,False,0,21,30.27,0.65,rising,-1.89,-11.43,335.16,True,False,False,True,False,True,0,0,False,1,Stage 1 (base),11,False,,,-6.89,10033197932.52,183905.0,61637599.800000004
BAH,False,0,0,,,,,,75.24,False,False,False,False,False,False,0,0,False,1,Stage 1 (base),3,False,,,-16.89,9050241368.519999,1488975.0,112030478.99999999
BBWI,False,0,0,,,,,,19.22,False,False,False,False,False,False,0,0,False,1,Stage 1 (base),3,False,,,-16.44,3875622915.8599997,8152240.0,156686052.79999998
BC,False,15,20,13.01,0.82,falling,7.41,-13.02,76.64,False,False,False,False,False,False,0,24,False,3,Stage 3 (top),1,False,,,-7.28,4966074881.92,661312.0,50682951.68
BCO,False,0,27,29.66,1.15,rising,-14.23,-18.25,110.97,True,False,False,False,False,True,1,1,False,1,Stage 1 (base),4,False,,,-10.75,4569858677.16,353725.0,39252863.25
BILL,False,0,0,,,,,,50.31,False,False,False,False,False,False,0,0,False,1,Stage 1 (base),7,False,,,-0.09,5010711335.37,2662013.0,133925874.03
BDC,False,15,26,34.04,1.03,rising,0.42,-19.39,115.21,True,False,False,False,False,True,2,0,False,1,Stage 1 (base),5,False,,,-13.02,4502198385.11,333454.0,38417235.339999996
BHF,False,0,28,26.27,1.25,falling,-10.73,-20.6,53.04,False,False,False,False,False,False,1,9,False,4,Stage 4 (decline),4,False,,,-20.61,3050413301.52,1358297.0,72044072.88
BIO,False,0,0,,,,,,387.7,False,False,False,False,False,False,0,0,False,2,Stage 2 (advance),2,True,1.0,1.0,17.22,10366390447.5,263137.0,102018214.89999999
BJ,False,20,41,20.61,0.97,flat,-0.05,-14.35,90.6,True,False,False,False,False,False,1,3,False,1,Stage 1 (base),5,False,,,-12.44,11444111095.199999,2449657.0,221938924.2
BMRN,False,45,54,30.9,1.02,rising,15.04,-8.9,64.67,True,False,False,False,False,True,2,0,False,2,Stage 2 (advance),9,False,,,2.66,12517447125.735,1687822.0,109151448.74000001
BKH,False,15,24,13.16,0.9,falling,10.37,-5.71,72.8,False,False,False,False,False,True,1,0,False,2,Stage 2 (advance),1,True,0.0,0.78,-4.51,5551228664.8,743153.0,54101538.4
BROS,False,0,0,,,,,,49.91,False,False,False,False,False,False,0,0,False,1,Stage 1 (base),4,False,,,-21.19,6884625228.179999,3741582.0,186742357.61999997
BRKR,False,0,0,,,,,,57.08,False,False,False,False,False,False,0,0,False,2,Stage 2 (advance),17,False,,,15.11,8696669757.28,1958093.0,111767948.44
BSY,False,0,0,,,,,,37.3,False,False,False,False,False,False,0,0,False,1,Stage 1 (base),5,False,,,-13.3,11268064759.699999,2061454.0,76892234.19999999
BRX,False,0,0,,,,,,29.17,False,False,False,False,False,False,0,0,False,3,Stage 3 (top),2,False,,,-6.28,8951465457.720001,1940260.0,56597384.2
BURL,False,0,0,,,,,,272.95,False,False,False,False,False,False,0,0,False,3,Stage 3 (top),1,False,,,-18.7,17180075127.7,1678985.0,458278955.75
BWA,False,0,0,,,,,,64.09,False,False,False,False,False,False,0,0,False,2,Stage 2 (advance),57,False,,,7.59,13052976627.86,1953537.0,125202186.33000001
BWXT,False,0,0,,,,,,152.85,False,False,False,False,False,False,0,0,False,4,Stage 4 (decline),2,False,,,-27.8,14004419643.0,1232427.0,188376466.95
BYD,False,35,46,15.98,0.87,falling,0.53,-13.06,79.47,False,False,False,False,False,True,0,0,False,3,Stage 3 (top),4,False,,,-14.03,5773925750.58,766581.0,60920192.07
CACI,False,0,0,,,,,,628.2,False,False,False,False,False,False,0,0,False,1,Stage 1 (base),3,False,,,2.46,13882930399.800001,228320.0,143430624.0
CAVA,False,0,0,,,,,,66.94,False,False,False,False,False,False,0,0,False,3,Stage 3 (top),8,False,,,-13.14,7819006894.12,2160914.0,144651583.16
CAR,False,0,0,,,,,,138.12,False,False,False,False,False,False,0,0,False,3,Stage 3 (top),8,False,,,-18.82,4879193142.4800005,274630.0,37931895.6
CBSH,False,35,41,27.15,0.74,rising,21.46,-4.73,58.04,True,False,False,False,True,True,0,0,False,2,Stage 2 (advance),9,False,,,-1.37,8324803611.12,872684.0,50650579.36
CCK,False,35,42,29.62,0.64,rising,26.3,-3.64,118.44,False,False,False,True,True,True,0,0,False,2,Stage 2 (advance),10,False,,,4.14,12881594922.84,698520.0,82732708.8
CBT,False,0,0,,,,,,83.65,False,False,False,False,False,False,0,0,False,2,Stage 2 (advance),14,False,,,0.14,4318933735.55,336773.0,28171061.450000003
CELH,False,0,0,,,,,,32.98,False,False,False,False,False,False,0,0,False,4,Stage 4 (decline),23,False,,,-29.74,8345095850.059999,9668860.0,318879002.79999995
CDE,False,0,0,,,,,,21.13,False,False,False,False,False,False,0,0,False,3,Stage 3 (top),2,False,,,2.89,21720266507.739998,37853535.0,799845194.55
CDP,False,0,0,,,,,,36.59,False,False,False,False,False,False,0,0,False,2,Stage 2 (advance),34,False,,,5.92,4149688658.2200003,648841.0,23741092.19
CG,False,0,0,,,,,,49.09,False,False,False,False,False,False,0,0,False,1,Stage 1 (base),3,False,,,-14.86,17492377053.82,3439439.0,168842060.51000002
CFR,False,0,0,,,,,,161.69,False,False,False,False,False,False,0,0,False,2,Stage 2 (advance),39,False,,,6.63,10048837046.65,424348.0,68612828.12
CGNX,False,0,0,,,,,,60.46,False,False,False,False,False,False,0,0,False,2,Stage 2 (advance),30,False,,,7.78,10170813487.32,1727799.0,104462727.54
CHDN,False,0,20,20.96,1.11,flat,-38.41,-12.63,89.9,True,False,False,False,False,True,2,0,False,1,Stage 1 (base),3,False,,,-14.4,6266051845.700001,910755.0,81876874.5
CHE,False,0,0,,,,,,523.38,False,False,False,False,False,False,0,0,False,2,Stage 2 (advance),8,False,,,6.75,6840556188.18,155507.0,81389253.66
CLH,False,0,0,,,,,,310.71,False,False,False,False,False,False,0,0,False,2,Stage 2 (advance),39,False,,,4.39,16401525826.079998,428670.0,133192055.69999999
CHWY,False,0,0,,,,,,23.26,False,False,False,False,False,False,0,0,False,4,Stage 4 (decline),1,False,,,-26.09,9523207054.82,6224784.0,144788475.84
CHRD,False,0,0,,,,,,146.0,False,False,False,False,False,False,0,0,False,2,Stage 2 (advance),7,False,,,17.94,7985889312.0,672427.0,98174342.0
CHH,False,35,36,25.21,0.82,falling,20.59,-11.85,108.86,True,False,False,False,False,False,0,42,False,2,Stage 2 (advance),2,True,1.0,0.72,-5.63,4899638590.92,421152.0,45846606.72
CLF,False,0,0,,,,,,11.62,False,False,False,False,False,False,0,0,False,1,Stage 1 (base),6,False,,,-9.13,6629675346.139999,17454360.0,202819663.2
CNM,False,0,24,20.8,0.77,falling,-30.02,-21.51,43.02,True,False,False,False,False,False,0,4,False,4,Stage 4 (decline),12,False,,,-23.38,8053035589.620001,1943494.0,83609111.88000001
CNH,False,35,34,31.39,1.28,flat,16.67,-11.4,11.68,True,False,False,False,False,False,1,11,False,2,Stage 2 (advance),2,True,1.0,1.42,-0.41,18783294129.92,16572617.0,193568166.56
CMC,False,0,27,33.86,1.0,falling,-7.73,-15.09,67.63,True,False,False,False,False,True,0,0,False,4,Stage 4 (decline),1,False,,,-8.37,7481523776.049999,1213056.0,82038977.28
CNO,False,0,0,,,,,,55.37,False,False,False,False,False,False,0,0,False,2,Stage 2 (advance),22,False,,,13.52,5122908312.2699995,696553.0,38568139.61
CNX,False,0,27,31.73,0.7,flat,-13.11,-17.01,36.2,False,False,False,False,False,True,0,0,False,4,Stage 4 (decline),8,False,,,-9.38,5355559659.400001,1266649.0,45852693.800000004
COLM,False,0,0,,,,,,58.01,False,False,False,False,False,False,0,0,False,3,Stage 3 (top),5,False,,,-8.08,2969717183.94,715326.0,41496061.26
COKE,False,0,0,,,,,,198.49,False,False,False,False,False,False,0,0,False,2,Stage 2 (advance),13,False,,,7.21,13212346716.060001,414337.0,82241751.13000001
COLB,False,15,21,17.0,0.83,flat,22.03,-10.72,30.07,False,False,False,False,False,True,0,0,False,2,Stage 2 (advance),22,False,,,-3.93,8506871198.76,2762805.0,83077546.35
CR,False,15,22,34.8,0.91,rising,23.04,-10.2,207.0,False,False,False,True,False,True,0,0,False,2,Stage 2 (advance),10,False,,,-2.35,11964673692.0,410291.0,84930237.0
CROX,False,0,0,,,,,,122.23,False,False,False,False,False,False,0,0,False,2,Stage 2 (advance),19,False,,,13.3,5860326517.25,936051.0,114413513.73
CRUS,False,0,0,,,,,,108.48,False,False,False,False,False,False,0,0,False,3,Stage 3 (top),7,False,,,-28.02,5436753017.28,707405.0,76739294.4
CRBG,False,15,20,32.29,0.91,rising,10.29,-6.32,32.61,True,True,False,True,False,True,2,0,False,2,Stage 2 (advance),3,True,2.0,1.29,1.38,14536641942.42,3062796.0,99877777.56
CTRE,False,15,22,18.51,1.02,flat,22.04,-10.52,39.03,False,False,False,False,False,True,1,0,False,3,Stage 3 (top),1,False,,,-5.55,9222523556.970001,2428497.0,94784237.91
CRS,False,0,0,,,,,,476.43,False,False,False,False,False,False,0,0,False,2,Stage 2 (advance),71,False,,,10.12,23611187599.38,581127.0,276866336.61
CPRI,False,0,0,,,,,,13.5,False,False,False,False,False,False,0,0,False,4,Stage 4 (decline),21,False,,,-40.12,1549747431.0,3938755.0,53173192.5
CSL,False,45,57,33.79,0.88,rising,13.01,-16.9,356.53,True,False,False,False,False,False,0,14,False,3,Stage 3 (top),1,False,,,-6.69,14159279838.49,407470.0,145275279.1
CUBE,False,45,71,23.5,0.86,flat,24.85,-7.49,40.02,True,False,False,False,False,False,0,21,False,2,Stage 2 (advance),12,False,,,-5.52,9025378193.880001,1583191.0,63359303.82000001
CVLT,False,0,0,,,,,,136.4,False,False,False,False,False,False,0,0,False,2,Stage 2 (advance),5,False,,,-1.15,5653038529.6,466742.0,63663608.800000004
CUZ,False,15,20,34.85,0.85,rising,39.24,-10.65,29.44,False,False,False,True,False,True,0,0,False,2,Stage 2 (advance),10,False,,,2.51,4845884587.52,1216918.0,35826065.92
CW,False,0,0,,,,,,596.37,False,False,False,False,False,False,0,0,False,3,Stage 3 (top),4,False,,,-16.26,22026594368.28,450492.0,268659914.04
DBX,False,0,0,,,,,,35.7,False,False,False,False,False,False,0,0,False,2,Stage 2 (advance),3,True,2.0,1.39,15.18,7762701498.3,2907558.0,103799820.60000001
CYTK,False,0,0,,,,,,72.09,False,False,False,False,False,False,0,0,False,2,Stage 2 (advance),46,False,,,-1.93,10022198203.62,1700383.0,122580610.47
DAR,False,0,0,,,,,,64.32,False,False,False,False,False,False,0,0,False,2,Stage 2 (advance),40,False,,,20.58,10149883557.119999,3020906.0,194304673.92
CXT,False,0,0,,,,,,50.13,False,False,False,False,False,False,0,0,False,1,Stage 1 (base),11,False,,,-11.16,2885548169.52,440632.0,22088882.16
DCI,False,20,31,33.7,0.97,rising,-3.2,-17.99,91.89,False,False,False,False,False,True,1,0,False,3,Stage 3 (top),26,False,,,-6.38,10651066935.84,716588.0,65847271.32
DKS,False,50,61,30.53,3.14,falling,-3.73,-44.72,135.09,True,False,False,False,False,False,1,8,False,1,Stage 1 (base),6,False,,,-41.95,12090897723.33,8008954.0,1081929595.8600001
DINO,False,0,0,,,,,,99.71,False,False,False,False,False,False,0,0,False,2,Stage 2 (advance),26,False,,,48.89,17726827583.789997,2137856.0,213165621.76
DOCN,False,0,0,,,,,,111.21,False,False,False,False,False,False,0,0,False,3,Stage 3 (top),1,False,,,23.16,13076021755.5,2232214.0,248244518.94
DLB,False,0,0,,,,,,61.5,False,False,False,False,False,False,0,0,False,1,Stage 1 (base),5,False,,,-9.74,5760630892.5,997071.0,61319866.5
DOCS,False,0,0,,,,,,26.73,False,False,False,False,False,False,0,0,False,1,Stage 1 (base),4,False,,,-35.44,4764515045.4,2881371.0,77019046.83
DT,False,0,0,,,,,,53.67,False,False,False,False,False,False,0,0,False,2,Stage 2 (advance),2,True,1.0,1.66,13.14,15510744209.76,7804046.0,418843148.82
DOCU,False,0,0,,,,,,64.0,False,False,False,False,False,False,0,0,False,1,Stage 1 (base),7,False,,,-0.41,12220454912.0,2804685.0,179499840.0
DTM,False,0,0,,,,,,129.53,False,False,False,False,False,False,0,0,False,3,Stage 3 (top),4,False,,,-7.99,13214041290.880001,1177281.0,152493207.93
DY,False,0,0,,,,,,294.34,False,False,False,False,False,False,0,0,False,3,Stage 3 (top),2,False,,,-27.72,8877576083.38,904841.0,266330899.93999997
EEFT,False,0,24,26.99,0.85,flat,-2.28,-16.7,69.95,True,False,False,False,False,True,0,2,False,1,Stage 1 (base),9,False,,,-15.32,2616381470.25,567087.0,39667735.65
DUOL,False,0,0,,,,,,146.98,False,False,False,False,False,False,0,0,False,1,Stage 1 (base),9,False,,,-19.8,6848256336.66,1096555.0,161171653.89999998
ELF,False,0,0,,,,,,104.1,False,False,False,False,False,False,0,0,False,2,Stage 2 (advance),1,True,0.0,0.58,9.51,6142732383.599999,1639268.0,170647798.79999998
EGP,False,0,0,,,,,,200.0,False,False,False,False,False,False,0,0,False,2,Stage 2 (advance),41,False,,,-3.14,10754663400.0,329142.0,65828400.0
ELAN,False,35,26,32.78,1.54,falling,11.12,-13.83,24.11,True,False,False,False,False,True,1,0,False,2,Stage 2 (advance),2,True,1.0,0.89,-4.83,12041729446.13,4757081.0,114693222.91
EHC,False,15,30,31.14,1.09,rising,16.09,-5.22,120.85,False,False,False,True,False,True,1,0,False,2,Stage 2 (advance),2,True,1.0,0.91,-0.53,11922261456.4,888538.0,107379817.3
ENS,False,0,0,,,,,,185.46,False,False,False,False,False,False,0,0,False,3,Stage 3 (top),2,False,,,-1.04,6688656443.04,465522.0,86335710.12
ELS,False,45,173,26.9,0.77,flat,11.9,-11.26,63.74,False,False,False,False,False,False,0,19,False,3,Stage 3 (top),1,False,,,-7.76,12369678815.06,1267754.0,80806639.96000001
ENTG,False,0,0,,,,,,134.92,False,False,False,False,False,False,0,0,False,3,Stage 3 (top),1,False,,,4.62,20615775999.999996,2064445.0,278534919.4
EQH,False,15,20,30.95,0.84,rising,8.18,-5.85,50.2,True,True,False,True,False,True,1,0,False,2,Stage 2 (advance),3,True,2.0,0.87,1.09,13692842507.400002,1946400.0,97709280.0
EPR,False,15,25,33.39,0.98,rising,34.62,-8.34,59.55,False,False,False,False,False,True,1,0,False,2,Stage 2 (advance),14,False,,,-0.44,4562061305.099999,677537.0,40347328.35
ESAB,False,0,0,,,,,,76.43,False,False,False,False,False,False,0,0,False,4,Stage 4 (decline),23,False,,,-34.8,4749051957.81,837300.0,63994839.00000001
ESNT,False,60,56,22.45,0.85,rising,11.4,-2.09,68.9,False,True,False,False,True,True,0,0,False,2,Stage 2 (advance),3,True,2.0,0.9,0.63,6192456400.000001,563914.0,38853674.6
ENSG,False,0,24,34.29,0.63,flat,-2.95,-18.39,172.98,True,False,False,False,False,True,0,0,False,3,Stage 3 (top),1,False,,,-13.73,10081695433.32,280171.0,48463979.58
EVR,False,0,23,33.55,1.08,falling,-13.71,-23.95,290.11,False,False,False,False,False,True,1,0,False,4,Stage 4 (decline),2,False,,,-19.77,11156985975.58,456462.0,132424190.82000001
EXEL,False,0,0,,,,,,54.45,False,False,False,False,False,False,0,0,False,2,Stage 2 (advance),22,False,,,8.33,13491713129.400002,1930689.0,105126016.05000001
EWBC,False,0,0,,,,,,129.44,False,False,False,False,False,False,0,0,False,2,Stage 2 (advance),22,False,,,2.39,17734814640.64,703762.0,91094953.28
EXLS,False,0,0,,,,,,38.4,False,False,False,False,False,False,0,0,False,1,Stage 1 (base),5,False,,,-2.02,5821919961.599999,2152683.0,82663027.2
EXPO,False,0,29,34.74,0.81,rising,-18.15,-11.89,71.53,True,False,False,False,False,False,0,17,False,1,Stage 1 (base),5,False,,,-3.58,3400971388.52,358711.0,25658597.830000002
EXP,False,0,23,28.4,0.85,falling,-7.35,-19.54,197.56,False,False,False,False,False,False,0,9,False,4,Stage 4 (decline),2,False,,,-16.75,6060217207.0,338853.0,66943798.68
FBIN,False,0,0,,,,,,45.5,False,False,False,False,False,False,0,0,False,1,Stage 1 (base),1,False,,,-13.97,5427850473.5,2514744.0,114420852.0
FCFS,False,0,0,,,,,,219.21,False,False,False,False,False,False,0,0,False,2,Stage 2 (advance),3,True,2.0,0.93,7.15,9507532278.0,476431.0,104438439.51
FAF,False,15,30,33.25,0.73,rising,28.32,-6.76,74.47,False,False,False,True,False,True,0,0,False,2,Stage 2 (advance),14,False,,,3.42,7603387000.0,582130.0,43351221.1
FCN,False,30,65,28.15,1.04,falling,-18.79,-18.78,153.74,True,False,False,False,False,True,2,0,False,4,Stage 4 (decline),9,False,,,-15.7,4245003540.5000005,349867.0,53788552.580000006
FFIN,False,35,46,22.81,0.85,flat,20.7,-8.57,33.39,True,False,False,False,False,False,0,7,False,2,Stage 2 (advance),10,False,,,-6.1,4785705458.7300005,638199.0,21309464.61
FHI,False,15,21,20.58,0.83,rising,28.0,-4.15,64.41,False,False,False,True,True,True,1,0,False,2,Stage 2 (advance),71,False,,,7.69,4808868699.21,504514.0,32495746.74
FIVE,False,0,0,,,,,,241.89,False,False,False,False,False,False,0,0,False,2,Stage 2 (advance),5,False,,,12.16,13375392453.39,1111984.0,268977809.76
FHN,False,15,30,21.43,0.68,flat,14.55,-6.73,24.65,False,False,False,False,False,True,0,0,False,2,Stage 2 (advance),22,False,,,-4.96,11678606944.699999,3676737.0,90631567.05
FN,False,0,0,,,,,,414.36,False,False,False,False,False,False,0,0,False,3,Stage 3 (top),2,False,,,-25.6,14848534247.04,1336317.0,553716312.12
FND,False,0,0,,,,,,53.0,False,False,False,False,False,False,0,0,False,4,Stage 4 (decline),2,False,,,-22.49,5643968145.0,2056139.0,108975367.0
FLR,False,15,23,31.61,1.0,rising,32.37,-8.04,53.27,False,False,False,False,False,True,1,0,False,2,Stage 2 (advance),14,False,,,3.1,7124386639.09,2295017.0,122255555.59
FLG,False,0,0,,,,,,13.45,False,False,False,False,False,False,0,0,False,3,Stage 3 (top),2,False,,,-7.55,5582998644.2,4326664.0,58193630.8
FLS,False,15,21,29.68,0.8,rising,5.36,-8.84,80.33,True,True,False,False,False,True,0,0,False,2,Stage 2 (advance),4,True,3.0,0.95,1.62,10210969617.4,1450497.0,116518424.00999999
FNB,False,15,28,23.9,0.51,flat,19.18,-6.02,18.41,False,False,False,False,False,True,0,0,False,2,Stage 2 (advance),22,False,,,-2.81,6553296301.09,3221261.0,59303415.01
FNF,False,0,26,21.28,1.02,flat,-14.24,-13.23,47.55,True,False,False,False,False,False,0,8,False,4,Stage 4 (decline),2,False,,,-15.99,12752568923.849998,1397831.0,66466864.05
FOUR,False,0,0,,,,,,43.96,False,False,False,False,False,False,0,0,False,4,Stage 4 (decline),1,False,,,-31.03,3471086875.2000003,1846114.0,81155171.44
FTI,False,0,0,,,,,,75.84,False,False,False,False,False,False,0,0,False,2,Stage 2 (advance),70,False,,,18.03,29741747185.920002,2439960.0,185046566.4
FR,False,15,21,14.38,0.77,flat,21.43,-11.36,61.94,False,False,False,False,False,True,0,0,False,2,Stage 2 (advance),42,False,,,-4.1,8211568275.24,725744.0,44952583.36
G,False,0,0,,,,,,38.02,False,False,False,False,False,False,0,0,False,1,Stage 1 (base),2,False,,,-10.53,6388668154.14,2880596.0,109520259.92
GAP,False,0,0,,,,,,23.48,False,False,False,False,False,False,0,0,False,1,Stage 1 (base),1,False,,,-9.46,8452305346.84,10169773.0,238786270.04
GATX,False,35,31,20.53,0.94,flat,7.07,-13.27,177.6,False,False,False,False,False,True,0,0,False,3,Stage 3 (top),2,False,,,-7.98,6270178300.8,187173.0,33241924.8
GBCI,False,35,36,25.28,0.99,flat,18.4,-14.11,46.88,False,False,False,False,False,True,0,0,False,3,Stage 3 (top),2,False,,,-9.03,6104336356.64,909692.0,42646360.96
GEF,False,0,0,,,,,,84.08,False,False,False,False,False,False,0,0,False,2,Stage 2 (advance),12,False,,,12.11,4779793292.8,234559.0,19721720.72
GGG,False,30,133,27.5,1.38,rising,-11.35,-16.53,79.29,False,False,False,False,False,False,1,30,False,4,Stage 4 (decline),2,False,,,-12.68,12841318704.960001,1674735.0,132789738.15
GLPI,False,45,98,17.19,1.21,falling,5.26,-13.16,42.56,False,False,False,False,False,False,1,7,False,3,Stage 3 (top),9,False,,,-13.28,12381557030.08,3398105.0,144623348.8
GHC,False,35,37,16.45,1.35,flat,8.7,-8.02,1161.13,False,False,False,False,False,True,1,0,False,2,Stage 2 (advance),13,False,,,-5.39,4917301948.64,37934.0,44046305.42
GME,False,0,0,,,,,,17.87,False,False,False,False,False,False,0,0,False,4,Stage 4 (decline),2,False,,,-28.36,8018112762.59,5352736.0,95653392.32000001
GMED,False,0,22,24.53,0.94,flat,-17.39,-14.81,82.97,False,False,False,False,False,True,2,0,False,4,Stage 4 (decline),1,False,,,-7.54,11139711004.58,1012536.0,84010111.92
GNTX,False,35,48,31.99,1.0,falling,4.98,-20.27,22.67,True,False,False,False,False,True,0,0,False,1,Stage 1 (base),1,False,,,-13.87,4776191113.77,2541396.0,57613447.32000001
GPK,False,0,0,,,,,,11.56,False,False,False,False,False,False,0,0,False,1,Stage 1 (base),4,False,,,-20.88,3422587383.88,4156644.0,48050804.64
GWRE,False,0,0,,,,,,205.85,False,False,False,False,False,False,0,0,False,1,Stage 1 (base),5,False,,,6.07,17138322529.4,1076010.0,221496658.5
GXO,False,0,26,28.59,1.34,falling,-14.53,-25.68,47.6,True,False,False,False,False,False,1,27,False,4,Stage 4 (decline),4,False,,,-18.93,5458985960.400001,1147386.0,54615573.6
HAE,False,0,0,,,,,,103.96,False,False,False,False,False,False,0,0,False,2,Stage 2 (advance),2,True,1.0,1.36,38.27,4729873421.96,876438.0,91114494.47999999
H,False,0,0,,,,,,172.25,False,False,False,False,False,False,0,0,False,2,Stage 2 (advance),21,False,,,-4.72,16232277776.0,556460.0,95850235.0
HGV,False,15,21,24.83,1.15,falling,12.46,-20.92,43.81,False,False,False,False,False,False,1,17,False,3,Stage 3 (top),5,False,,,-12.87,3405094792.4500003,915697.0,40116685.57
HALO,False,0,0,,,,,,105.35,False,False,False,False,False,False,0,0,False,2,Stage 2 (advance),8,False,,,31.49,11957014300.0,1786291.0,188185756.85
HIMS,False,0,0,,,,,,28.84,False,False,False,False,False,False,0,0,False,1,Stage 1 (base),11,False,,,-21.02,6728758830.92,13129981.0,378668652.04
HLNE,False,0,0,,,,,,106.04,False,False,False,False,False,False,0,0,False,1,Stage 1 (base),4,False,,,-13.67,5843932053.52,485425.0,51474467.0
HL,False,0,0,,,,,,20.38,False,False,False,False,False,False,0,0,False,3,Stage 3 (top),2,False,,,5.22,13690640623.779999,38333728.0,781241376.64
HLI,False,0,0,,,,,,133.02,False,False,False,False,False,False,0,0,False,4,Stage 4 (decline),27,False,,,-25.97,9296302230.0,633300.0,84241566.0
HQY,False,15,20,28.28,0.94,rising,11.4,-10.45,96.37,True,False,False,True,False,True,0,0,False,2,Stage 2 (advance),2,True,1.0,0.76,-3.25,7971273075.52,1085499.0,104609538.63000001
HR,False,15,22,28.53,0.89,falling,35.07,-12.77,18.99,False,False,False,False,False,True,0,0,False,2,Stage 2 (advance),21,False,,,-4.65,6508248242.4,2561019.0,48633750.809999995
HOMB,False,45,89,30.57,0.94,rising,13.93,-6.09,29.62,False,False,False,False,False,True,0,0,False,2,Stage 2 (advance),6,False,,,-3.48,5925470040.6,1296062.0,38389356.44
HOG,False,30,21,24.7,0.72,rising,41.62,-2.33,28.1,True,False,False,True,True,False,0,13,False,2,Stage 2 (advance),7,False,,,7.76,2924437446.7000003,1789398.0,50282083.800000004
HRB,False,0,0,,,,,,52.48,False,False,False,False,False,False,0,0,False,2,Stage 2 (advance),2,True,1.0,0.98,17.53,6468995586.559999,1584559.0,83157656.32
HWC,False,0,0,,,,,,75.07,False,False,False,False,False,False,0,0,False,2,Stage 2 (advance),15,False,,,2.75,6022344964.059999,666943.0,50067411.01
HXL,False,0,0,,,,,,94.87,False,False,False,False,False,False,0,0,False,2,Stage 2 (advance),45,False,,,3.71,7174396891.240001,718328.0,68147777.36
IBOC,False,35,43,18.77,1.01,falling,16.09,-8.69,70.93,False,False,False,False,False,True,1,0,False,3,Stage 3 (top),2,False,,,-7.87,4411244088.02,248037.0,17593264.41
IDA,False,15,24,14.76,1.02,falling,23.14,-11.81,135.78,False,False,False,False,False,True,2,0,False,3,Stage 3 (top),2,False,,,-9.41,7853792598.54,427942.0,58105964.76
IESC,False,0,0,,,,,,309.8,False,False,False,False,False,False,0,0,False,3,Stage 3 (top),1,False,,,-44.92,12345130977.6,163774.0,50737185.2
ILMN,False,0,0,,,,,,215.59,False,False,False,False,False,False,0,0,False,2,Stage 2 (advance),20,False,,,40.43,32554090000.0,1909189.0,411602056.51
IDCC,False,0,0,,,,,,335.15,False,False,False,False,False,False,0,0,False,1,Stage 1 (base),4,False,,,-6.46,8648883246.05,173464.0,58136459.599999994
IPGP,False,0,0,,,,,,76.53,False,False,False,False,False,False,0,0,False,3,Stage 3 (top),9,False,,,-29.42,3255168269.67,745318.0,57039186.54
INGR,False,20,32,22.29,0.94,flat,-13.38,-13.91,104.62,True,False,False,False,False,False,1,26,False,4,Stage 4 (decline),1,False,,,-13.55,6597753482.9800005,495273.0,51815461.260000005
IRT,False,35,49,18.69,1.01,falling,2.08,-7.85,16.31,True,False,False,False,False,False,1,10,False,1,Stage 1 (base),7,False,,,-9.06,3844993887.7699995,1856374.0,30277459.939999998
ITT,False,15,25,20.34,1.06,rising,19.09,-11.87,202.99,False,False,False,False,False,True,1,0,False,2,Stage 2 (advance),6,False,,,-3.39,18236585873.760002,589006.0,119562327.94000001
JAZZ,False,0,0,,,,,,244.54,False,False,False,False,False,False,0,0,False,2,Stage 2 (advance),43,False,,,18.2,15874210659.58,1275628.0,311942071.12
JEF,False,0,20,31.86,0.79,falling,-23.21,-16.41,53.09,True,False,False,False,False,False,0,6,False,1,Stage 1 (base),9,False,,,-10.59,12240020067.390001,1756422.0,93248443.98
JLL,False,50,33,32.83,0.75,rising,3.03,0.61,378.01,False,True,False,True,True,True,0,0,False,3,Stage 3 (top),16,False,,,6.46,17391371811.03,299428.0,113186778.28
KD,False,0,0,,,,,,13.2,False,False,False,False,False,False,0,0,False,1,Stage 1 (base),1,False,,,-38.22,2875201071.6,3720395.0,49109214.0
KBH,False,0,0,,,,,,54.86,False,False,False,False,False,False,0,0,False,4,Stage 4 (decline),1,False,,,-13.79,3363451678.08,844946.0,46353737.56
KEX,False,0,0,,,,,,139.06,False,False,False,False,False,False,0,0,False,2,Stage 2 (advance),3,True,2.0,0.63,2.86,7342368000.0,350359.0,48720922.54
KBR,False,0,0,,,,,,38.03,False,False,False,False,False,False,0,0,False,1,Stage 1 (base),4,False,,,-13.48,4794356722.650001,1109967.0,42212045.01
KNF,False,0,0,,,,,,64.24,False,False,False,False,False,False,0,0,False,3,Stage 3 (top),6,False,,,-24.4,3646482100.7999997,787691.0,50601269.839999996
KNSL,False,0,0,,,,,,380.61,False,False,False,False,False,False,0,0,False,1,Stage 1 (base),5,False,,,-8.13,8669696339.25,180176.0,68576787.36
KNX,False,0,0,,,,,,67.24,False,False,False,False,False,False,0,0,False,2,Stage 2 (advance),40,False,,,4.38,10943713440.0,2683185.0,180417359.39999998
KRC,False,15,20,29.81,0.64,falling,5.11,-11.36,36.21,True,False,False,False,False,True,0,2,False,2,Stage 2 (advance),1,True,0.0,0.54,-8.55,4211548455.48,977324.0,35388902.04
KRG,False,0,0,,,,,,26.0,False,False,False,False,False,False,0,0,False,3,Stage 3 (top),2,False,,,-3.84,5209020258.0,1897735.0,49341110.0
KTOS,False,0,0,,,,,,52.0,False,False,False,False,False,False,0,0,False,4,Stage 4 (decline),17,False,,,-37.03,9761509004.0,2862707.0,148860764.0
KRYS,False,0,0,,,,,,351.46,False,False,False,False,False,False,0,0,False,2,Stage 2 (advance),42,False,,,20.79,10402806900.56,221850.0,77971401.0
LAD,False,0,0,,,,,,370.36,False,False,False,False,False,False,0,0,False,2,Stage 2 (advance),2,True,1.0,0.68,8.14,8141666841.76,179404.0,66444065.440000005
LAMR,False,0,0,,,,,,150.38,False,False,False,False,False,False,0,0,False,2,Stage 2 (advance),22,False,,,1.48,15271041479.92,509033.0,76548382.53999999
LEA,False,0,0,,,,,,124.02,False,False,False,False,False,False,0,0,False,3,Stage 3 (top),4,False,,,-7.07,8256602231.28,524705.0,65073914.1
LFUS,False,0,0,,,,,,405.42,False,False,False,False,False,False,0,0,False,2,Stage 2 (advance),52,False,,,7.78,10297033015.005001,235212.0,95359649.04
LECO,False,15,29,20.13,1.3,rising,12.92,-7.52,284.89,False,True,True,False,False,True,2,0,False,2,Stage 2 (advance),4,True,3.0,0.97,1.38,15528417640.515,517764.0,147505785.95999998
LOPE,False,0,0,,,,,,151.19,False,False,False,False,False,False,0,0,False,4,Stage 4 (decline),37,False,,,-19.07,3940772944.0299997,284694.0,43042885.86
LIVN,False,0,0,,,,,,80.32,False,False,False,False,False,False,0,0,False,2,Stage 2 (advance),17,False,,,10.45,4412261772.16,561655.0,45112129.599999994
LNTH,False,0,0,,,,,,100.77,False,False,False,False,False,False,0,0,False,2,Stage 2 (advance),23,False,,,18.86,6577496624.13,1440533.0,145162510.41
LSCC,False,0,0,,,,,,114.4,False,False,False,False,False,False,0,0,False,3,Stage 3 (top),1,False,,,5.75,16248263116.800001,1247049.0,142662405.6
LSTR,False,0,0,,,,,,180.03,False,False,False,False,False,False,0,0,False,3,Stage 3 (top),1,False,,,1.96,6109664607.75,382906.0,68934567.18
LPX,False,0,22,17.92,1.18,flat,-21.48,-14.57,71.26,True,False,False,False,False,False,1,11,False,4,Stage 4 (decline),3,False,,,-19.59,4982742196.6,998960.0,71185889.60000001
M,False,0,0,,,,,,22.01,False,False,False,False,False,False,0,0,False,2,Stage 2 (advance),15,False,,,-3.06,5789465367.54,5388515.0,118601215.15
MANH,False,0,0,,,,,,223.28,False,False,False,False,False,False,0,0,False,2,Stage 2 (advance),1,True,0.0,1.01,21.32,13018334148.16,865687.0,193290593.36
MEDP,False,0,0,,,,,,600.65,False,False,False,False,False,False,0,0,False,1,Stage 1 (base),7,False,,,4.06,16765135575.75,191234.0,114864702.1
MAT,False,0,0,,,,,,15.14,False,False,False,False,False,False,0,0,False,4,Stage 4 (decline),23,False,,,-19.47,4325498000.0,3182660.0,48185472.4
MIDD,False,15,21,26.1,0.82,falling,19.99,-24.1,112.75,False,False,False,False,False,False,0,28,False,3,Stage 3 (top),3,False,,,-13.31,5098819849.75,561989.0,63364259.75
MKSI,False,0,0,,,,,,255.76,False,False,False,False,False,False,0,0,False,3,Stage 3 (top),2,False,,,0.53,17293866634.079998,1311129.0,335334353.03999996
MMS,False,0,0,,,,,,59.75,False,False,False,False,False,False,0,0,False,4,Stage 4 (decline),22,False,,,-26.71,3128376339.25,405174.0,24209146.5
MLI,False,0,0,,,,,,62.8,False,False,False,False,False,False,0,0,False,2,Stage 2 (advance),6,False,,,-3.59,13890191166.4,1212966.0,76174264.8
MOH,False,0,0,,,,,,200.0,False,False,False,False,False,False,0,0,False,2,Stage 2 (advance),11,False,,,3.13,10440000000.0,584655.0,116931000.0
MOG-A,False,0,0,,,,,,374.66,False,False,False,False,False,False,0,0,False,2,Stage 2 (advance),49,False,,,14.03,11865920177.54,243671.0,91293776.86
MP,False,0,0,,,,,,56.13,False,False,False,False,False,False,0,0,False,4,Stage 4 (decline),1,False,,,-15.1,9996842134.44,5803248.0,325736310.24
MTDR,False,0,0,,,,,,56.39,False,False,False,False,False,False,0,0,False,2,Stage 2 (advance),3,True,2.0,1.21,4.09,6978500240.24,2005600.0,113095784.0
MORN,False,0,0,,,,,,217.65,False,False,False,False,False,False,0,0,False,1,Stage 1 (base),5,False,,,0.63,8164828728.150001,278008.0,60508441.2
MSA,False,35,50,29.91,1.12,rising,13.43,-8.35,190.34,False,True,False,False,False,False,1,3,False,2,Stage 2 (advance),6,False,,,0.4,7342991528.26,213971.0,40727240.14
MTG,False,60,54,24.24,0.82,rising,11.78,-2.29,30.99,False,True,False,False,True,True,0,0,False,2,Stage 2 (advance),2,True,1.0,0.8,2.4,6356818791.599999,1442635.0,44707258.65
MSM,False,0,0,,,,,,119.2,False,False,False,False,False,False,0,0,False,2,Stage 2 (advance),23,False,,,11.61,6656878721.6,522749.0,62311680.800000004
MTN,False,45,56,31.46,0.61,rising,12.64,-11.56,141.93,True,False,False,False,False,False,0,8,False,2,Stage 2 (advance),4,True,3.0,0.52,-5.97,5057466345.18,520961.0,73939994.73
MTSI,False,0,0,,,,,,265.27,False,False,False,False,False,False,0,0,False,3,Stage 3 (top),2,False,,,2.82,20258916866.37,1302295.0,345459794.65
MTZ,False,0,0,,,,,,241.0,False,False,False,False,False,False,0,0,False,3,Stage 3 (top),5,False,,,-22.09,19353492468.0,1457741.0,351315581.0
MUSA,False,0,0,,,,,,503.19,False,False,False,False,False,False,0,0,False,3,Stage 3 (top),1,False,,,-1.69,9248806806.93,245123.0,123343442.37
MUR,False,0,0,,,,,,35.63,False,False,False,False,False,False,0,0,False,3,Stage 3 (top),1,False,,,-2.5,5107545392.88,1624212.0,57870673.56
NBIX,False,0,0,,,,,,154.06,False,False,False,False,False,False,0,0,False,2,Stage 2 (advance),12,False,,,-4.37,15660072824.86,1037925.0,159902725.5
MZTI,False,0,0,,,,,,114.84,False,False,False,False,False,False,0,0,False,4,Stage 4 (decline),27,False,,,-28.1,3134098440.0,394310.0,45282560.4
NEU,False,0,0,,,,,,914.69,False,False,False,False,False,False,0,0,False,2,Stage 2 (advance),6,False,,,12.42,8411860604.14,109347.0,100018607.43
NFG,False,45,55,26.18,0.78,flat,1.54,-13.6,82.97,False,False,False,False,False,True,0,0,False,3,Stage 3 (top),9,False,,,-9.78,7885891864.03,437926.0,36334720.22
NJR,False,0,0,,,,,,53.6,False,False,False,False,False,False,0,0,False,3,Stage 3 (top),2,False,,,-5.01,5438681905.6,539068.0,28894044.8
NLY,False,15,29,20.04,0.84,rising,12.51,-3.64,23.04,False,True,False,False,True,True,1,0,False,2,Stage 2 (advance),12,False,,,-0.72,17365580743.68,5103129.0,117576092.16
NOVT,False,0,0,,,,,,142.2,False,False,False,False,False,False,0,0,False,3,Stage 3 (top),1,False,,,-1.79,5377686894.0,341585.0,48573386.99999999
NOV,False,0,0,,,,,,20.99,False,False,False,False,False,False,0,0,False,2,Stage 2 (advance),8,False,,,8.57,7482475843.749999,3487863.0,73210244.36999999
NNN,False,15,21,14.62,0.86,flat,31.8,-8.31,45.67,False,False,False,False,False,True,0,0,False,2,Stage 2 (advance),27,False,,,-2.43,8688634243.59,1139880.0,52058319.6
NTNX,False,0,0,,,,,,69.16,False,False,False,False,False,False,0,0,False,2,Stage 2 (advance),3,True,2.0,0.57,16.99,18695366402.44,3401521.0,235249192.35999998
NVST,False,0,0,,,,,,27.13,False,False,False,False,False,False,0,0,False,2,Stage 2 (advance),12,False,,,1.76,4357558445.17,2131687.0,57832668.309999995
NVT,False,0,0,,,,,,148.48,False,False,False,False,False,False,0,0,False,2,Stage 2 (advance),56,False,,,6.8,24032666782.719997,1995723.0,296324951.03999996
NWE,False,15,21,6.81,0.78,falling,17.28,-4.68,70.32,False,False,False,False,True,True,0,0,False,2,Stage 2 (advance),4,True,3.0,0.8,-2.74,4325935212.0,356948.0,25100583.36
NXST,False,0,23,28.73,1.01,flat,-15.37,-21.48,183.32,True,False,False,False,False,True,1,0,False,4,Stage 4 (decline),8,False,,,-15.08,5647777739.32,322211.0,59067720.519999996
NXT,False,0,0,,,,,,85.44,False,False,False,False,False,False,0,0,False,3,Stage 3 (top),10,False,,,-25.35,12963770188.8,2054805.0,175562539.2
OC,False,0,0,,,,,,143.13,False,False,False,False,False,False,0,0,False,2,Stage 2 (advance),10,False,,,3.91,11314237997.789999,723631.0,103573305.03
OGS,False,35,37,17.8,1.0,falling,4.88,-10.98,79.47,False,False,False,False,False,True,1,0,False,3,Stage 3 (top),14,False,,,-9.92,4995187776.9,441241.0,35065422.269999996
NYT,False,15,20,26.91,1.25,falling,2.99,-21.41,68.16,False,False,False,False,False,True,1,0,False,3,Stage 3 (top),6,False,,,-11.8,10993089221.76,1595926.0,108778316.16
OHI,False,15,24,17.8,0.88,flat,21.62,-11.02,45.99,False,False,False,False,False,True,1,0,False,3,Stage 3 (top),1,False,,,-5.46,13935567870.0,1536687.0,70672235.13000001
OKTA,False,0,0,,,,,,166.23,False,False,False,False,False,False,0,0,False,2,Stage 2 (advance),11,False,,,54.71,29060482861.44,4714064.0,783618858.7199999
OGE,False,35,45,20.79,0.96,falling,21.17,-9.59,45.74,False,False,False,False,False,True,1,0,False,3,Stage 3 (top),2,False,,,-8.96,9449028067.380001,1309539.0,59898313.86
OLED,False,0,0,,,,,,82.98,False,False,False,False,False,False,0,0,False,4,Stage 4 (decline),38,False,,,-30.66,3814327968.3,707343.0,58695322.14
OLLI,False,0,0,,,,,,72.42,False,False,False,False,False,False,0,0,False,4,Stage 4 (decline),30,False,,,-35.94,4378027406.64,1316820.0,95364104.4
OLN,False,0,0,,,,,,17.15,False,False,False,False,False,False,0,0,False,4,Stage 4 (decline),2,False,,,-32.02,1954799703.4999998,2729103.0,46804116.449999996
ONTO,False,0,0,,,,,,270.79,False,False,False,False,False,False,0,0,False,2,Stage 2 (advance),40,False,,,15.0,16551615234.44,934264.0,252989348.56000003
OPCH,False,0,0,,,,,,23.9,False,False,False,False,False,False,0,0,False,4,Stage 4 (decline),17,False,,,-21.49,3579867307.7,1775385.0,42431701.5
ONB,False,15,20,17.37,0.92,rising,26.83,-5.52,25.85,False,False,False,True,False,True,0,0,False,2,Stage 2 (advance),21,False,,,0.7,9889434500.0,3074200.0,79468070.0
ORA,False,0,0,,,,,,103.04,False,False,False,False,False,False,0,0,False,4,Stage 4 (decline),2,False,,,-16.88,6336644800.64,581608.0,59928888.32
ORI,False,35,38,17.37,0.66,rising,3.74,-8.55,42.07,False,False,False,False,False,True,0,0,False,3,Stage 3 (top),19,False,,,-5.43,10157083028.54,964651.0,40582867.57
OVV,False,0,0,,,,,,64.59,False,False,False,False,False,False,0,0,False,2,Stage 2 (advance),33,False,,,19.58,17865594000.0,3468646.0,224039845.14000002
OSK,False,15,26,31.55,0.86,rising,15.67,-10.53,153.96,True,False,False,False,False,True,1,0,False,2,Stage 2 (advance),4,True,3.0,1.27,-1.03,9505451756.04,498550.0,76756758.0
P,False,0,0,,,,,,93.4,False,False,False,False,False,False,0,0,False,2,Stage 2 (advance),3,True,2.0,1.38,9.48,31046620648.800003,3746023.0,349878548.20000005
OZK,False,45,58,23.31,0.8,flat,17.03,-7.11,49.4,False,False,False,False,False,True,0,0,False,2,Stage 2 (advance),12,False,,,-5.84,5386458329.2,997666.0,49284700.4
PATH,False,0,0,,,,,,18.15,False,False,False,False,False,False,0,0,False,1,Stage 1 (base),5,False,,,25.78,9403882827.9,66947517.0,1215097433.55
PAG,False,0,0,,,,,,217.01,False,False,False,False,False,False,0,0,False,2,Stage 2 (advance),11,False,,,16.37,14249500069.73,291761.0,63315054.61
PB,False,45,91,25.92,0.8,flat,9.45,-8.93,72.3,False,False,False,False,False,True,0,0,False,2,Stage 2 (advance),15,False,,,-4.57,8688780543.3,801522.0,57950040.599999994
PCTY,False,0,0,,,,,,157.93,False,False,False,False,False,False,0,0,False,1,Stage 1 (base),8,False,,,8.34,8743952380.0,495253.0,78215306.29
PBF,False,0,0,,,,,,71.28,False,False,False,False,False,False,0,0,False,2,Stage 2 (advance),10,False,,,60.85,8449306596.72,2283870.0,162794253.6
PEGA,False,0,0,,,,,,36.17,False,False,False,False,False,False,0,0,False,4,Stage 4 (decline),27,False,,,-28.19,5946526860.650001,1674565.0,60569016.050000004
PEN,False,0,24,6.07,0.48,falling,-1.52,-5.1,321.68,False,False,False,False,False,True,0,0,False,3,Stage 3 (top),14,False,,,-6.45,12670789268.960001,268662.0,86423192.16
PFGC,False,15,21,29.55,1.04,rising,31.97,-14.15,100.85,False,False,False,True,False,True,0,0,False,2,Stage 2 (advance),8,False,,,-6.89,15840757490.15,1449769.0,146209203.65
PINS,False,0,0,,,,,,23.19,False,False,False,False,False,False,0,0,False,1,Stage 1 (base),9,False,,,-13.42,13132799096.130001,8133359.0,188612595.21
PK,False,0,0,,,,,,15.83,False,False,False,False,False,False,0,0,False,2,Stage 2 (advance),14,False,,,24.43,3187185763.9,3796160.0,60093212.8
PII,False,15,21,33.92,0.78,falling,5.87,-18.21,63.78,True,False,False,False,False,True,0,2,False,3,Stage 3 (top),1,False,,,-9.07,3629306760.7200003,792635.0,50554260.300000004
PLNT,False,0,0,,,,,,53.33,False,False,False,False,False,False,0,0,False,4,Stage 4 (decline),29,False,,,-40.41,4028179849.69,1706838.0,91025670.53999999
PNFP,False,35,50,31.59,0.72,rising,12.09,-8.37,101.09,True,False,False,False,False,True,0,0,False,2,Stage 2 (advance),13,False,,,-3.06,15275976777.6,880246.0,88984068.14
POR,False,15,25,13.58,0.9,falling,11.76,-8.28,49.6,False,False,False,False,False,True,0,0,False,3,Stage 3 (top),5,False,,,-7.48,5833343904.0,1048882.0,52024547.2
POST,False,0,26,34.13,1.36,falling,-23.55,-21.04,85.35,True,False,True,False,False,False,3,17,False,4,Stage 4 (decline),17,False,,,-22.24,3868282715.1,882645.0,75333750.75
PR,False,0,0,,,,,,22.7,False,False,False,False,False,False,0,0,False,2,Stage 2 (advance),41,False,,,20.81,19012544558.3,10817319.0,245553141.29999998
PPC,False,0,0,,,,,,31.69,False,False,False,False,False,False,0,0,False,4,Stage 4 (decline),26,False,,,-20.49,7545659125.56,1829904.0,57989657.760000005
PSN,False,0,0,,,,,,49.0,False,False,False,False,False,False,0,0,False,4,Stage 4 (decline),29,False,,,-31.33,5233464306.0,929042.0,45523058.0
PRI,False,45,90,32.12,0.96,rising,31.7,-10.91,290.39,False,False,False,False,False,True,0,0,False,2,Stage 2 (advance),12,False,,,-2.37,8937434666.5,180393.0,52384323.269999996
QLYS,False,0,0,,,,,,187.05,False,False,False,False,False,False,0,0,False,2,Stage 2 (advance),3,True,2.0,1.14,35.18,6470994937.05,532855.0,99670527.75
PVH,False,15,22,26.56,0.93,flat,22.74,-24.77,75.79,False,False,False,False,False,False,0,11,False,3,Stage 3 (top),1,False,,,-11.65,3494532292.6800003,872351.0,66115482.29000001
R,False,0,0,,,,,,245.86,False,False,False,False,False,False,0,0,False,2,Stage 2 (advance),40,False,,,4.79,9427960966.480001,270278.0,66450549.080000006
RBC,False,0,0,,,,,,500.62,False,False,False,False,False,False,0,0,False,3,Stage 3 (top),5,False,,,-11.06,15849251231.9,271688.0,136012446.56
RBA,False,50,58,25.67,1.89,falling,-6.82,-27.53,86.06,False,False,False,False,False,True,1,1,False,4,Stage 4 (decline),1,False,,,-25.06,15938312000.0,2081484.0,179132513.04
REXR,False,0,24,23.23,0.94,rising,-13.87,-6.4,37.13,False,False,False,False,False,False,1,17,False,1,Stage 1 (base),7,False,,,-9.87,8279549044.120001,2249826.0,83536039.38000001
RGEN,False,0,0,,,,,,176.27,False,False,False,False,False,False,0,0,False,1,Stage 1 (base),5,False,,,13.2,9947906913.67,1031866.0,181887019.82000002
RGA,False,30,20,24.27,0.89,rising,33.26,-2.14,245.54,False,False,False,True,True,True,1,0,False,2,Stage 2 (advance),13,False,,,7.98,16034170824.1,303203.0,74448464.62
RGLD,False,0,0,,,,,,262.85,False,False,False,False,False,False,0,0,False,3,Stage 3 (top),2,False,,,5.59,22270717212.45,725896.0,190801763.60000002
RH,False,0,0,,,,,,149.49,False,False,False,False,False,False,0,0,False,4,Stage 4 (decline),2,False,,,-20.64,2829280777.29,726681.0,108631542.69000001
RLI,False,0,0,,,,,,64.31,False,False,False,False,False,False,0,0,False,2,Stage 2 (advance),2,True,1.0,0.88,0.75,5901919700.7,587152.0,37759745.120000005
RMBS,False,0,0,,,,,,85.76,False,False,False,False,False,False,0,0,False,3,Stage 3 (top),9,False,,,-26.66,9301667073.28,1910875.0,163876640.0
ROIV,False,0,0,,,,,,34.71,False,False,False,False,False,False,0,0,False,2,Stage 2 (advance),51,False,,,22.56,25071831850.65,5781342.0,200670380.82
ROKU,False,0,0,,,,,,157.68,False,False,False,False,False,False,0,0,False,2,Stage 2 (advance),21,False,,,26.65,23401960937.075,2002172.0,315702480.96000004
RNR,False,0,0,,,,,,330.74,False,False,False,False,False,False,0,0,False,2,Stage 2 (advance),13,False,,,4.46,13742873090.82,243346.0,80484256.04
RPM,False,45,53,34.51,1.06,flat,5.7,-15.33,106.65,True,False,False,False,False,False,1,26,False,2,Stage 2 (advance),4,True,3.0,1.04,-10.27,13613125950.0,1050695.0,112056621.75
RRC,False,15,25,33.91,0.73,flat,11.97,-13.95,41.46,False,True,False,False,False,True,0,0,False,2,Stage 2 (advance),3,True,2.0,0.64,-2.74,9688352691.9,2264675.0,93893425.5
RRX,False,0,0,,,,,,157.43,False,False,False,False,False,False,0,0,False,3,Stage 3 (top),4,False,,,-19.13,10483557621.810001,1264461.0,199064095.23000002
RYAN,False,0,0,,,,,,43.87,False,False,False,False,False,False,0,0,False,1,Stage 1 (base),9,False,,,-10.66,11222594617.949999,1141182.0,50063654.339999996
RS,False,0,0,,,,,,387.59,False,False,False,False,False,False,0,0,False,2,Stage 2 (advance),23,False,,,7.25,19788234972.449997,381543.0,147882251.37
SAIA,False,0,0,,,,,,352.25,False,False,False,False,False,False,0,0,False,3,Stage 3 (top),5,False,,,-12.59,9371648940.75,387098.0,136355270.5
RYN,False,30,65,26.82,1.39,falling,-3.84,-17.08,20.38,True,False,False,False,False,False,0,5,False,1,Stage 1 (base),10,False,,,-14.83,6129228404.74,2907114.0,59246983.32
SAIC,False,0,0,,,,,,125.96,False,False,False,False,False,False,0,0,False,2,Stage 2 (advance),12,False,,,12.2,5325188121.24,430738.0,54255758.48
SAM,False,0,0,,,,,,183.13,False,False,False,False,False,False,0,0,False,4,Stage 4 (decline),13,False,,,-20.51,1884715541.53,159827.0,29269118.509999998
SANM,False,0,0,,,,,,194.01,False,False,False,False,False,False,0,0,False,2,Stage 2 (advance),1,True,0.0,0.79,3.32,10398423037.56,621725.0,120620867.25
SBRA,False,15,27,23.4,0.9,rising,18.89,-8.12,20.61,False,False,False,False,False,True,1,0,False,2,Stage 2 (advance),10,False,,,-1.23,5265087401.16,1892350.0,39001333.5
SCI,False,45,93,25.9,0.73,rising,6.63,-8.39,83.36,False,True,False,False,False,True,0,0,False,2,Stage 2 (advance),1,True,0.0,0.6,-5.33,11361266692.32,658137.0,54862300.32
SFM,False,15,22,23.27,0.63,falling,7.23,-14.15,81.46,True,False,False,False,False,False,0,7,False,2,Stage 2 (advance),1,True,0.0,0.59,-13.9,7595951532.499999,1469163.0,119678017.97999999
SEIC,False,0,0,,,,,,111.63,False,False,False,False,False,False,0,0,False,2,Stage 2 (advance),13,False,,,17.04,13397741286.66,651692.0,72748377.96
SF,False,20,39,24.52,0.77,rising,-11.46,-8.64,81.29,False,False,False,False,False,True,0,0,False,1,Stage 1 (base),7,False,,,-5.26,12274930956.86,1094086.0,88938250.94000001
SGI,False,0,0,,,,,,64.37,False,False,False,False,False,False,0,0,False,4,Stage 4 (decline),18,False,,,-27.55,13541226655.67,3934952.0,253292860.24
SHC,False,30,22,30.82,1.1,rising,4.94,-2.62,19.27,True,True,False,True,True,True,3,0,False,1,Stage 1 (base),2,False,,,5.05,5499172299.65,2745356.0,52903010.12
SIRI,False,0,0,,,,,,28.54,False,False,False,False,False,False,0,0,False,2,Stage 2 (advance),19,False,,,9.09,9619889069.14,3149380.0,89883305.2
SIGI,False,15,23,34.78,0.68,flat,29.81,-7.49,92.46,False,False,False,True,False,False,0,42,False,2,Stage 2 (advance),15,False,,,0.18,5507760742.74,345744.0,31967490.24
SITM,False,0,0,,,,,,557.86,False,False,False,False,False,False,0,0,False,2,Stage 2 (advance),22,False,,,13.35,16775428142.960001,345543.0,192764617.98000002
SLAB,False,0,0,,,,,,218.54,False,False,False,False,False,False,0,0,False,2,Stage 2 (advance),34,False,,,10.58,7291971948.94,276526.0,60431992.04
SLGN,False,35,35,32.81,0.84,rising,13.06,-14.13,42.1,True,False,False,False,False,False,0,33,False,1,Stage 1 (base),1,False,,,-8.62,4449213042.0,765367.0,32221950.7
SMTC,False,0,0,,,,,,131.17,False,False,False,False,False,False,0,0,False,2,Stage 2 (advance),22,False,,,23.46,12241522362.419998,4366907.0,572807191.1899999
SLM,False,0,22,33.21,0.62,rising,-10.83,-6.58,26.41,True,False,False,True,False,True,0,0,False,1,Stage 1 (base),10,False,,,-4.31,4965080000.0,1615609.0,42668233.69
SMG,False,15,29,26.75,1.12,flat,20.54,-18.91,60.43,False,False,False,False,False,False,1,23,False,3,Stage 3 (top),4,False,,,-8.69,3518251157.82,878764.0,53103708.52
SN,False,0,0,,,,,,191.23,False,False,False,False,False,False,0,0,False,2,Stage 2 (advance),15,False,,,43.64,27062942076.17,1256991.0,240374388.92999998
SNX,False,0,0,,,,,,253.97,False,False,False,False,False,False,0,0,False,2,Stage 2 (advance),23,False,,,21.08,20307124245.44,586199.0,148876960.03
SON,False,0,0,,,,,,56.47,False,False,False,False,False,False,0,0,False,2,Stage 2 (advance),12,False,,,5.99,5583471419.41,851208.0,48067715.76
SPXC,False,35,32,30.09,0.79,falling,5.4,-20.85,198.73,False,False,False,False,False,True,0,0,False,3,Stage 3 (top),2,False,,,-14.51,9953562957.8,375312.0,74585753.75999999
SR,False,20,32,21.23,1.09,falling,-0.86,-12.48,82.56,False,False,False,False,False,True,3,0,False,3,Stage 3 (top),4,False,,,-10.64,4880353345.92,477244.0,39401264.64
SSD,False,35,35,27.74,0.8,flat,20.0,-14.59,182.07,False,False,False,False,False,False,0,25,False,3,Stage 3 (top),1,False,,,-9.18,7462081051.74,220528.0,40151532.96
SSB,False,45,63,33.92,1.01,rising,17.79,-5.54,105.98,False,False,False,True,False,True,2,0,False,2,Stage 2 (advance),12,False,,,-0.44,10277361113.32,637247.0,67535437.06
ST,False,0,0,,,,,,41.03,False,False,False,False,False,False,0,0,False,3,Stage 3 (top),1,False,,,-1.57,5971336417.860001,1355550.0,55618216.5
STAG,False,35,42,17.91,1.03,falling,8.08,-12.74,37.18,False,False,False,False,False,False,2,4,False,3,Stage 3 (top),4,False,,,-9.81,7168613672.22,1447098.0,53803103.64
STRL,False,0,0,,,,,,470.52,False,False,False,False,False,False,0,0,False,3,Stage 3 (top),4,False,,,-10.75,14392509489.359999,555214.0,261239291.28
STWD,False,30,98,20.05,1.43,falling,-7.21,-16.39,15.81,False,False,True,False,False,False,2,27,False,4,Stage 4 (decline),3,False,,,-15.7,5852371099.5,3452920.0,54590665.2
SUI,False,50,98,20.99,2.04,falling,-1.81,-9.19,122.92,False,False,True,False,False,True,2,1,False,3,Stage 3 (top),17,False,,,-10.61,14971773634.44,3030423.0,372499595.16
SYNA,False,0,0,,,,,,95.08,False,False,False,False,False,False,0,0,False,3,Stage 3 (top),2,False,,,-3.73,3718292228.88,764601.0,72698263.08
TCBI,False,15,26,14.56,0.86,falling,10.95,-8.48,98.64,False,False,False,False,False,True,0,0,False,3,Stage 3 (top),2,False,,,-6.06,4288311758.16,442849.0,43682625.36
SWX,False,15,22,7.96,0.85,falling,21.28,-5.02,89.1,False,False,False,False,False,True,1,0,False,2,Stage 2 (advance),57,False,,,-4.04,6454925502.299999,349921.0,31177961.099999998
TEX,False,0,0,,,,,,63.73,False,False,False,False,False,False,0,0,False,2,Stage 2 (advance),39,False,,,-1.16,7284339000.0,882352.0,56232292.96
THC,False,0,0,,,,,,266.8,False,False,False,False,False,False,0,0,False,2,Stage 2 (advance),3,True,2.0,0.61,17.61,21482469200.0,738196.0,196950692.8
THG,False,15,20,32.74,0.98,rising,43.82,-3.56,227.67,False,False,False,True,True,True,0,0,False,2,Stage 2 (advance),16,False,,,10.78,7927519715.07,291866.0,66449132.22
TLN,False,0,0,,,,,,296.11,False,False,False,False,False,False,0,0,False,4,Stage 4 (decline),1,False,,,-27.53,14187651661.195002,951401.0,281719350.11
TKR,False,0,0,,,,,,120.82,False,False,False,False,False,False,0,0,False,2,Stage 2 (advance),43,False,,,7.31,8372444087.98,784907.0,94832463.74
THO,False,0,0,,,,,,77.02,False,False,False,False,False,False,0,0,False,4,Stage 4 (decline),22,False,,,-23.99,4009458868.4599996,497273.0,38299966.46
TOL,False,35,33,31.37,0.76,rising,12.92,-12.84,146.22,False,False,False,False,False,True,0,2,False,2,Stage 2 (advance),11,False,,,-7.19,13506048960.0,1008933.0,147526183.26
TNL,False,15,26,25.83,0.9,flat,12.09,-10.42,71.21,False,False,False,False,False,True,0,0,False,3,Stage 3 (top),1,False,,,-6.01,4363897272.849999,613245.0,43669176.449999996
TOST,False,0,0,,,,,,35.15,False,False,False,False,False,False,0,0,False,1,Stage 1 (base),9,False,,,0.18,20316700000.0,8817729.0,309943174.34999996
TREX,False,0,0,,,,,,45.77,False,False,False,False,False,False,0,0,False,2,Stage 2 (advance),8,False,,,-3.47,4662369746.3,1196054.0,54743391.580000006
TRU,False,15,22,32.81,0.66,rising,-12.87,-0.81,85.67,True,False,False,True,True,False,0,5,False,1,Stage 1 (base),9,False,,,-0.7,16414372000.0,1625387.0,139246904.29
TTMI,False,0,0,,,,,,118.65,False,False,False,False,False,False,0,0,False,3,Stage 3 (top),2,False,,,2.26,12499642713.6,2770870.0,328763725.5
TTEK,False,0,0,,,,,,36.54,False,False,False,False,False,False,0,0,False,1,Stage 1 (base),5,False,,,0.03,9355863399.119999,2911319.0,106379596.25999999
TTC,False,0,0,,,,,,99.03,False,False,False,False,False,False,0,0,False,2,Stage 2 (advance),4,True,3.0,0.62,3.15,9430580752.02,656762.0,65039140.86
TWLO,False,0,0,,,,,,237.78,False,False,False,False,False,False,0,0,False,2,Stage 2 (advance),20,False,,,43.8,36517115811.6,1930573.0,459051647.94
TXRH,False,45,95,33.12,0.8,rising,23.54,-8.0,198.99,False,False,False,False,False,True,0,0,False,2,Stage 2 (advance),11,False,,,2.38,13061887864.74,605056.0,120400093.44000001
TXNM,False,35,51,7.42,0.71,falling,-1.27,-2.46,57.64,False,False,False,False,True,True,0,0,False,3,Stage 3 (top),12,False,,,-8.95,5939577838.04,774143.0,44621602.52
UBSI,False,0,0,,,,,,47.6,False,False,False,False,False,False,0,0,False,2,Stage 2 (advance),43,False,,,4.94,6481850888.8,805976.0,38364457.6
UFPI,False,0,27,28.17,0.95,rising,-14.93,-22.58,86.01,True,False,False,False,False,False,1,3,False,4,Stage 4 (decline),3,False,,,-15.74,4744439840.91,344113.0,29597159.130000003
UGI,False,20,45,22.85,1.34,flat,-5.74,-6.11,38.01,False,False,False,True,False,True,1,0,False,3,Stage 3 (top),2,False,,,-2.84,8152953695.669999,3393952.0,129004115.52
USFD,False,0,0,,,,,,107.27,False,False,False,False,False,False,0,0,False,2,Stage 2 (advance),12,False,,,11.82,23205796656.21,1543550.0,165576608.5
UMBF,False,0,0,,,,,,144.59,False,False,False,False,False,False,0,0,False,2,Stage 2 (advance),15,False,,,5.72,10981235087.550001,415593.0,60090591.870000005
UTHR,False,15,20,17.74,0.98,falling,13.9,-15.41,515.46,False,False,False,False,False,True,1,0,False,3,Stage 3 (top),3,False,,,-7.06,22108436098.32,422476.0,217769478.96
UNM,False,30,23,29.54,0.93,flat,30.54,-1.59,93.05,False,False,False,True,True,True,1,0,False,2,Stage 2 (advance),19,False,,,7.04,14730447553.9,1239744.0,115358179.2
VAL,False,0,0,,,,,,86.29,False,False,False,False,False,False,0,0,False,3,Stage 3 (top),1,False,,,6.67,5991615786.030001,825516.0,71233775.64
VC,False,15,22,30.02,0.76,falling,12.79,-19.64,102.02,True,False,False,False,False,False,0,22,False,1,Stage 1 (base),1,False,,,-11.58,2723467666.58,398678.0,40673129.559999995
VIAV,False,0,0,,,,,,36.54,False,False,False,False,False,False,0,0,False,3,Stage 3 (top),2,False,,,11.53,9016238715.119999,3803363.0,138974884.02
VFC,False,0,0,,,,,,13.67,False,False,False,False,False,False,0,0,False,4,Stage 4 (decline),4,False,,,-26.95,5374149571.9,5459016.0,74624748.72
VICR,False,0,0,,,,,,187.75,False,False,False,False,False,False,0,0,False,3,Stage 3 (top),2,False,,,1.58,8656538933.0,875286.0,164334946.5
VNOM,False,0,0,,,,,,44.18,False,False,False,False,False,False,0,0,False,2,Stage 2 (advance),2,True,1.0,0.85,-1.74,15905029250.02,1513152.0,66851055.36
VNO,False,0,0,,,,,,38.2,False,False,False,False,False,False,0,0,False,2,Stage 2 (advance),7,False,,,0.66,7132724284.200001,1029299.0,39319221.800000004
VLY,False,0,0,,,,,,13.92,False,False,False,False,False,False,0,0,False,2,Stage 2 (advance),52,False,,,1.81,7692264745.92,6189370.0,86156030.4
VMI,False,0,0,,,,,,476.28,False,False,False,False,False,False,0,0,False,3,Stage 3 (top),1,False,,,-4.04,9194517768.24,165544.0,78845296.32
VNT,False,0,0,,,,,,32.76,False,False,False,False,False,False,0,0,False,4,Stage 4 (decline),3,False,,,-17.89,4429152000.0,1234252.0,40434095.519999996
VOYA,False,0,0,,,,,,102.55,False,False,False,False,False,False,0,0,False,2,Stage 2 (advance),14,False,,,18.59,9290655589.949999,851946.0,87367062.3
VVV,False,35,34,27.62,1.14,falling,30.86,-21.84,32.11,True,False,False,False,False,False,0,14,False,3,Stage 3 (top),4,False,,,-16.19,4095183496.69,1849962.0,59402279.82
WAL,False,0,27,25.51,0.84,falling,-9.69,-15.08,78.53,True,False,False,False,False,False,0,3,False,4,Stage 4 (decline),1,False,,,-12.05,8567690849.92,1036269.0,81378204.57000001
WCC,False,0,0,,,,,,336.42,False,False,False,False,False,False,0,0,False,2,Stage 2 (advance),23,False,,,5.54,16394706742.68,492815.0,165792822.3
WEX,False,0,0,,,,,,197.32,False,False,False,False,False,False,0,0,False,2,Stage 2 (advance),4,True,3.0,1.44,13.58,6724983482.5199995,497587.0,98183866.84
WFRD,False,0,0,,,,,,93.79,False,False,False,False,False,False,0,0,False,3,Stage 3 (top),11,False,,,-1.35,6723377698.97,820015.0,76909206.85000001
WH,False,35,49,25.21,0.98,falling,3.68,-15.4,76.02,True,False,False,False,False,False,1,13,False,3,Stage 3 (top),8,False,,,-11.87,5641529494.44,1063023.0,80811008.46
WHR,False,0,0,,,,,,41.15,False,False,False,False,False,False,0,0,False,4,Stage 4 (decline),27,False,,,-40.16,2682954404.7,1951900.0,80320685.0
WING,False,0,0,,,,,,113.58,False,False,False,False,False,False,0,0,False,4,Stage 4 (decline),36,False,,,-50.34,3094208374.68,1036773.0,117756677.34
WMG,False,0,22,34.62,1.0,falling,-11.99,-19.84,28.03,True,False,False,False,False,False,1,30,False,4,Stage 4 (decline),5,False,,,-13.01,14662766825.07,1823423.0,51110546.690000005
WLK,False,0,0,,,,,,75.71,False,False,False,False,False,False,0,0,False,3,Stage 3 (top),16,False,,,-18.86,9675476649.08,731202.0,55359303.419999994
WMS,False,20,34,34.42,0.95,rising,-6.71,-23.41,136.99,False,False,False,False,False,False,2,5,False,4,Stage 4 (decline),1,False,,,-15.43,10329777800.58,527440.0,72254005.60000001
WPC,False,15,27,16.6,0.83,falling,20.18,-8.69,70.51,False,False,False,False,False,True,0,0,False,3,Stage 3 (top),2,False,,,-7.05,16062689268.01,916487.0,64621498.370000005
WSO,False,0,0,,,,,,310.76,False,False,False,False,False,False,0,0,False,3,Stage 3 (top),8,False,,,-24.12,12819531807.44,494312.0,153612397.12
WTFC,False,15,21,13.64,1.15,flat,21.5,-8.22,152.95,False,False,False,False,False,True,1,0,False,2,Stage 2 (advance),22,False,,,-3.46,10318919652.65,474542.0,72581198.89999999
WTRG,False,60,100,30.67,0.96,rising,8.49,-0.77,41.1,False,True,False,False,True,True,2,0,False,2,Stage 2 (advance),2,True,1.0,0.85,-3.08,11657315601.300001,2009951.0,82608986.10000001
WTS,False,0,0,,,,,,366.34,False,False,False,False,False,False,0,0,False,2,Stage 2 (advance),22,False,,,8.65,12229546537.0,170044.0,62293918.95999999
XPO,False,0,0,,,,,,188.56,False,False,False,False,False,False,0,0,False,3,Stage 3 (top),2,False,,,-2.74,22077823840.4,764587.0,144170524.72
XRAY,False,0,0,,,,,,11.12,False,False,False,False,False,False,0,0,False,1,Stage 1 (base),3,False,,,-15.48,2216815101.12,3381530.0,37602613.599999994
WWD,False,0,0,,,,,,341.81,False,False,False,False,False,False,0,0,False,3,Stage 3 (top),5,False,,,-7.34,20182451734.2,530106.0,181195531.86
YETI,False,0,0,,,,,,41.57,False,False,False,False,False,False,0,0,False,3,Stage 3 (top),3,False,,,-11.34,3034144249.72,1719870.0,71494995.9
ZION,False,0,0,,,,,,67.78,False,False,False,False,False,False,0,0,False,2,Stage 2 (advance),22,False,,,3.31,9892718401.9,1350302.0,91523469.56
AAMI,False,0,0,,,,,,95.76,False,False,False,False,False,False,0,0,False,2,Stage 2 (advance),72,False,,,45.4,3398534657.28,299110.0,28642773.6
AAP,False,15,29,33.54,1.34,falling,32.99,-33.61,42.9,True,False,False,False,False,True,0,2,False,3,Stage 3 (top),2,False,,,-26.19,2588123023.2,3536267.0,151705854.29999998
AAT,False,0,0,,,,,,22.43,False,False,False,False,False,False,0,0,False,2,Stage 2 (advance),15,False,,,0.72,1377296497.59,407133.0,9131993.19
ABCB,False,0,0,,,,,,85.59,False,False,False,False,False,False,0,0,False,2,Stage 2 (advance),22,False,,,-3.38,5743708586.01,318722.0,27279415.98
ABG,False,0,0,,,,,,211.62,False,False,False,False,False,False,0,0,False,1,Stage 1 (base),8,False,,,-13.31,3798984675.54,224731.0,47557574.22
ABR,False,0,0,,,,,,5.06,False,False,False,False,False,False,0,0,False,4,Stage 4 (decline),40,False,,,-36.93,943983697.5799999,3612353.0,18278506.18
ABM,False,35,41,31.66,0.63,rising,13.62,-5.22,47.2,True,True,False,True,False,False,0,13,False,2,Stage 2 (advance),6,False,,,-1.22,2765019565.6000004,366659.0,17306304.8
ACA,False,0,0,,,,,,145.28,False,False,False,False,False,False,0,0,False,2,Stage 2 (advance),22,False,,,13.21,7134237211.52,522719.0,75940616.32000001
ACAD,False,0,0,,,,,,29.11,False,False,False,False,False,False,0,0,False,1,Stage 1 (base),10,False,,,10.04,5015813628.98,1463417.0,42600068.87
ACHC,False,0,0,,,,,,28.55,False,False,False,False,False,False,0,0,False,2,Stage 2 (advance),20,False,,,14.24,2658012851.25,1792255.0,51168880.25
ACLS,False,0,0,,,,,,115.57,False,False,False,False,False,False,0,0,False,3,Stage 3 (top),1,False,,,-3.69,3568973683.73,311329.0,35980292.53
ACIW,False,0,0,,,,,,53.83,False,False,False,False,False,False,0,0,False,2,Stage 2 (advance),6,False,,,3.72,5434420623.03,780129.0,41994344.07
ACMR,False,0,0,,,,,,74.42,False,False,False,False,False,False,0,0,False,2,Stage 2 (advance),21,False,,,19.79,5183293166.32,935112.0,69591035.04
ACT,False,0,0,,,,,,49.07,False,False,False,False,False,False,0,0,False,2,Stage 2 (advance),43,False,,,8.6,6746323735.97,309240.0,15174406.8
ADAM,False,0,0,,,,,,9.8,False,False,False,False,False,False,0,0,False,2,Stage 2 (advance),22,False,,,15.78,880821902.8000001,767285.0,7519393.000000001
ADEA,False,0,0,,,,,,25.72,False,False,False,False,False,False,0,0,False,3,Stage 3 (top),1,False,,,7.74,2836405458.0,840251.0,21611255.72
ADMA,False,0,0,,,,,,9.34,False,False,False,False,False,False,0,0,False,4,Stage 4 (decline),30,False,,,-36.96,2092016911.2,1736789.0,16221609.26
ADNT,False,0,28,32.52,1.03,falling,-0.92,-29.85,19.06,True,False,False,False,False,True,1,0,False,1,Stage 1 (base),10,False,,,-19.87,1469467523.9199998,837272.0,15958404.319999998
ADT,False,0,0,,,,,,7.54,False,False,False,False,False,False,0,0,False,1,Stage 1 (base),5,False,,,-9.58,5508416729.92,6169959.0,46521490.86
ADUS,False,15,24,32.79,0.99,rising,3.11,-6.16,115.55,False,True,False,True,False,False,1,11,False,1,Stage 1 (base),9,False,,,-2.59,2157815365.0,186099.0,21503739.45
AEO,False,0,23,27.01,0.69,flat,-63.91,-28.4,16.87,True,False,False,False,False,False,0,12,False,4,Stage 4 (decline),8,False,,,-19.85,2826962127.71,4464564.0,75317194.68
AESI,False,0,0,,,,,,12.85,False,False,False,False,False,False,0,0,False,3,Stage 3 (top),6,False,,,-6.72,1605036754.3999999,2884918.0,37071196.3
AGNT,False,0,0,,,,,,4.24,False,False,False,False,False,False,0,0,False,4,Stage 4 (decline),27,False,,,-49.14,708580052.88,1070654.0,4539572.96
AGO,False,30,92,25.3,1.15,falling,-15.19,-19.96,75.53,False,False,False,False,False,False,2,24,False,4,Stage 4 (decline),4,False,,,-16.8,3321749580.2400002,381762.0,28834483.86
AGX,False,0,0,,,,,,417.74,False,False,False,False,False,False,0,0,False,3,Stage 3 (top),2,False,,,-17.48,5856400241.78,322681.0,134796760.94
AGYS,False,0,0,,,,,,117.88,False,False,False,False,False,False,0,0,False,1,Stage 1 (base),10,False,,,7.97,3324898289.44,255961.0,30172682.68
AHCO,False,0,0,,,,,,5.79,False,False,False,False,False,False,0,0,False,4,Stage 4 (decline),3,False,,,-47.14,772439042.19,2511111.0,14539332.69
AIN,False,0,0,,,,,,58.35,False,False,False,False,False,False,0,0,False,3,Stage 3 (top),2,False,,,-9.24,1655456427.45,227883.0,13296973.05
AIR,False,0,0,,,,,,133.19,False,False,False,False,False,False,0,0,False,2,Stage 2 (advance),59,False,,,14.07,5362074899.6,458473.0,61064018.87
AKR,False,35,33,22.13,1.08,falling,13.13,-10.03,20.72,False,False,False,False,False,False,1,3,False,3,Stage 3 (top),1,False,,,-7.7,2845533999.8399997,1409817.0,29211408.24
ALG,False,0,25,19.88,1.2,rising,-12.78,-8.48,165.27,True,False,True,False,False,False,3,23,False,4,Stage 4 (decline),26,False,,,-14.55,2011495385.5500002,164667.0,27214515.09
ALHC,False,0,0,,,,,,13.62,False,False,False,False,False,False,0,0,False,4,Stage 4 (decline),2,False,,,-33.35,2825266729.3799996,3941575.0,53684251.5
ALGT,False,0,0,,,,,,78.94,False,False,False,False,False,False,0,0,False,3,Stage 3 (top),3,False,,,-14.89,2158042379.7,570840.0,45062109.6
ALKS,False,0,0,,,,,,47.41,False,False,False,False,False,False,0,0,False,2,Stage 2 (advance),22,False,,,20.88,7953656725.5199995,1248708.0,59201246.279999994
AMN,False,0,0,,,,,,34.62,False,False,False,False,False,False,0,0,False,2,Stage 2 (advance),17,False,,,37.88,1340832288.4199998,524357.0,18153239.34
ALRM,False,0,0,,,,,,57.47,False,False,False,False,False,False,0,0,False,2,Stage 2 (advance),1,True,0.0,0.73,4.66,2821215403.16,334671.0,19233542.37
AMPH,False,0,0,,,,,,22.01,False,False,False,False,False,False,0,0,False,1,Stage 1 (base),2,False,,,-14.42,936260147.44,344542.0,7583369.420000001
AMR,False,0,0,,,,,,226.23,False,False,False,False,False,False,0,0,False,3,Stage 3 (top),2,False,,,12.76,2868380350.35,419757.0,94961626.11
AMRX,False,0,0,,,,,,17.54,False,False,False,False,False,False,0,0,False,2,Stage 2 (advance),14,False,,,18.99,6109112313.58,1412233.0,24770566.82
AMSF,False,0,0,,,,,,26.25,False,False,False,False,False,False,0,0,False,4,Stage 4 (decline),6,False,,,-31.82,486571522.5,340130.0,8928412.5
AOSL,False,0,0,,,,,,24.63,False,False,False,False,False,False,0,0,False,3,Stage 3 (top),3,False,,,-21.78,745131390.0,596448.0,14690514.24
ANIP,False,20,41,22.05,1.15,falling,-5.47,-17.01,72.83,False,False,False,False,False,True,0,0,False,4,Stage 4 (decline),1,False,,,-19.81,1672930736.1599998,371706.0,27071347.98
AORT,False,0,0,,,,,,26.77,False,False,False,False,False,False,0,0,False,4,Stage 4 (decline),21,False,,,-32.81,1305204036.17,661429.0,17706454.33
ANDE,False,0,0,,,,,,64.56,False,False,False,False,False,False,0,0,False,3,Stage 3 (top),4,False,,,-4.07,2193462799.2000003,327259.0,21127841.04
APAM,False,45,59,28.79,1.22,rising,-2.72,-2.76,43.47,False,False,False,False,True,True,2,0,False,1,Stage 1 (base),7,False,,,2.37,3086214942.5099998,645143.0,28044366.21
APLE,False,0,0,,,,,,16.55,False,False,False,False,False,False,0,0,False,2,Stage 2 (advance),18,False,,,16.23,3907168651.9,1947430.0,32229966.5
ARCB,False,0,0,,,,,,136.54,False,False,False,False,False,False,0,0,False,2,Stage 2 (advance),39,False,,,20.2,3051853875.16,237100.0,32373633.999999996
APOG,False,0,0,,,,,,40.33,False,False,False,False,False,False,0,0,False,2,Stage 2 (advance),9,False,,,-4.06,841618297.02,184784.0,7452338.72
ARLO,False,0,21,23.78,1.06,rising,-3.7,-23.68,12.89,True,False,False,False,False,False,1,11,False,1,Stage 1 (base),5,False,,,-19.11,1387135488.56,1069580.0,13786886.200000001
ASO,False,0,25,34.37,1.01,falling,-19.65,-29.22,43.5,True,False,False,False,False,False,0,11,False,4,Stage 4 (decline),3,False,,,-23.78,2697799138.5,1999589.0,86982121.5
AROC,False,0,0,,,,,,31.24,False,False,False,False,False,False,0,0,False,3,Stage 3 (top),4,False,,,-7.9,5477564899.4,2064517.0,64495511.08
ARR,False,15,25,16.24,1.02,falling,5.23,-5.92,16.32,False,False,False,False,False,True,2,0,False,2,Stage 2 (advance),4,True,3.0,0.98,-5.1,2310145710.7200003,2783051.0,45419392.32
ASTE,False,0,0,,,,,,43.39,False,False,False,False,False,False,0,0,False,3,Stage 3 (top),5,False,,,-22.13,997650215.7,229223.0,9945985.97
ASTH,False,0,0,,,,,,37.96,False,False,False,False,False,False,0,0,False,2,Stage 2 (advance),15,False,,,12.48,1882981733.3600001,351009.0,13324301.64
ATEN,False,0,0,,,,,,25.7,False,False,False,False,False,False,0,0,False,3,Stage 3 (top),2,False,,,1.73,1866051839.7,1479800.0,38030860.0
ATMU,False,0,0,,,,,,47.73,False,False,False,False,False,False,0,0,False,4,Stage 4 (decline),1,False,,,-17.72,3894554503.7099996,506367.0,24168896.91
AWR,False,60,101,32.77,0.76,rising,33.63,-2.01,89.88,False,False,False,False,True,True,1,0,False,2,Stage 2 (advance),19,False,,,7.45,3562450064.8799996,184437.0,16577197.559999999
AWI,False,0,21,20.53,0.86,rising,-20.15,-7.03,175.09,False,False,False,False,False,True,1,0,False,1,Stage 1 (base),5,False,,,-11.43,7399798204.34,301130.0,52724851.7
AUB,False,15,23,25.69,0.75,rising,28.86,-6.64,40.66,False,False,False,True,False,True,0,0,False,2,Stage 2 (advance),22,False,,,0.36,5806853671.36,780879.0,31750540.139999997
AVA,False,35,32,11.92,1.07,falling,8.11,-11.5,37.66,False,False,False,False,False,True,0,0,False,3,Stage 3 (top),5,False,,,-12.16,3154131577.7999997,664962.0,25042468.919999998
AX,False,35,34,23.19,0.79,rising,17.87,-7.46,97.85,False,False,False,False,False,True,0,0,False,2,Stage 2 (advance),10,False,,,-1.09,5551426694.65,251755.0,24634226.75
AZTA,False,0,0,,,,,,32.95,False,False,False,False,False,False,0,0,False,1,Stage 1 (base),6,False,,,3.39,1443486549.3500001,792440.0,26110898.000000004
BANC,False,15,29,28.5,0.83,falling,4.43,-15.18,18.6,False,False,False,False,False,True,0,0,False,3,Stage 3 (top),2,False,,,-8.93,2946844872.0,1758546.0,32708955.6
AZZ,False,0,0,,,,,,138.34,False,False,False,False,False,False,0,0,False,3,Stage 3 (top),1,False,,,-0.61,4157324648.34,225719.0,31225966.46
BANF,False,35,40,13.48,0.8,flat,7.58,-8.91,110.55,False,False,False,False,False,True,0,0,False,1,Stage 1 (base),1,False,,,-11.57,3714341259.75,103647.0,11458175.85
BANR,False,45,72,29.43,1.19,rising,20.22,-5.8,70.5,False,False,False,False,False,True,1,0,False,2,Stage 2 (advance),13,False,,,0.34,2395936084.5,289371.0,20400655.5
BCC,False,15,29,31.65,0.8,rising,3.8,-13.19,78.75,True,False,False,False,False,True,1,2,False,1,Stage 1 (base),2,False,,,-7.11,2747693891.25,250697.0,19742388.75
BBT,False,0,0,,,,,,31.39,False,False,False,False,False,False,0,0,False,2,Stage 2 (advance),15,False,,,2.69,2630986939.54,772194.0,24239169.66
BFAM,False,0,0,,,,,,74.81,False,False,False,False,False,False,0,0,False,1,Stage 1 (base),1,False,,,-21.93,3638407241.86,608890.0,45551060.9
BCPC,False,60,106,26.21,0.91,rising,12.59,-2.97,178.44,False,True,False,False,True,True,1,2,False,2,Stage 2 (advance),4,True,3.0,1.26,-1.16,5688314067.24,157060.0,28025786.4
BFH,False,0,0,,,,,,105.74,False,False,False,False,False,False,0,0,False,2,Stage 2 (advance),46,False,,,20.62,4062453398.3199997,402539.0,42564473.86
BFS,False,0,0,,,,,,33.27,False,False,False,False,False,False,0,0,False,3,Stage 3 (top),2,False,,,-6.28,822337950.2700001,73305.0,2438857.35
BGC,False,0,0,,,,,,12.12,False,False,False,False,False,False,0,0,False,2,Stage 2 (advance),3,True,2.0,1.0,9.83,5762654246.639999,2925489.0,35456926.68
BHE,False,0,0,,,,,,71.31,False,False,False,False,False,False,0,0,False,3,Stage 3 (top),2,False,,,7.95,2561450422.23,311789.0,22233673.59
BJRI,False,0,0,,,,,,65.12,False,False,False,False,False,False,0,0,False,2,Stage 2 (advance),17,False,,,36.56,1385347576.8000002,420103.0,27357107.360000003
BKU,False,15,22,8.93,0.58,falling,9.87,-8.41,46.39,False,False,False,False,False,True,0,0,False,3,Stage 3 (top),2,False,,,-5.04,3304464031.11,514412.0,23863572.68
BL,False,0,0,,,,,,32.98,False,False,False,False,False,False,0,0,False,1,Stage 1 (base),1,False,,,-28.91,1916971404.6,944011.0,31133482.779999997
BKE,False,20,40,33.09,0.88,falling,-26.17,-23.31,43.43,False,False,False,False,False,True,1,0,False,4,Stage 4 (decline),14,False,,,-20.93,2237339706.28,442327.0,19210261.61
BLFS,False,0,0,,,,,,36.38,False,False,False,False,False,False,0,0,False,2,Stage 2 (advance),6,False,,,30.02,1779225891.5200002,792757.0,28840499.660000004
BLKB,False,0,0,,,,,,48.62,False,False,False,False,False,False,0,0,False,1,Stage 1 (base),5,False,,,-9.8,2206866516.14,397663.0,19334375.06
BNL,False,0,0,,,,,,21.09,False,False,False,False,False,False,0,0,False,2,Stage 2 (advance),54,False,,,1.31,4315026738.36,1898542.0,40040250.78
BMI,False,0,0,,,,,,135.61,False,False,False,False,False,False,0,0,False,4,Stage 4 (decline),6,False,,,-20.75,3930906321.6700006,285825.0,38760728.25000001
BOX,False,0,0,,,,,,34.98,False,False,False,False,False,False,0,0,False,2,Stage 2 (advance),1,True,0.0,2.15,11.62,4799283039.54,3428715.0,119936450.69999999
BOOT,False,0,22,31.39,1.03,falling,-31.49,-15.92,154.85,True,False,False,False,False,True,2,0,False,4,Stage 4 (decline),9,False,,,-19.56,4689608093.4,623013.0,96473563.05
BTU,False,0,0,,,,,,28.92,False,False,False,False,False,False,0,0,False,1,Stage 1 (base),1,False,,,-8.08,3525348000.0,2086522.0,60342216.24
BOH,False,0,0,,,,,,77.29,False,False,False,False,False,False,0,0,False,3,Stage 3 (top),2,False,,,-3.64,3049121106.84,302813.0,23404416.770000003
BRC,False,0,0,,,,,,93.25,False,False,False,False,False,False,0,0,False,2,Stage 2 (advance),11,False,,,1.13,4393267667.5,158283.0,14759889.75
CACC,False,0,0,,,,,,594.89,False,False,False,False,False,False,0,0,False,2,Stage 2 (advance),14,False,,,6.35,6175303236.2,112756.0,67077416.839999996
BXMT,False,0,0,,,,,,13.73,False,False,False,False,False,False,0,0,False,4,Stage 4 (decline),5,False,,,-29.34,2314103504.4300003,1796037.0,24659588.01
CAG,False,0,0,,,,,,16.09,False,False,False,False,False,False,0,0,False,1,Stage 1 (base),3,False,,,-8.2,7724288021.89,9672916.0,155637218.44
CAKE,False,0,0,,,,,,112.07,False,False,False,False,False,False,0,0,False,2,Stage 2 (advance),16,False,,,59.4,5576674252.38,1660996.0,186147821.72
CALM,False,15,23,20.88,0.87,rising,9.04,-15.79,80.21,True,False,False,False,False,True,1,0,False,1,Stage 1 (base),1,False,,,-13.69,3746287698.5299997,983401.0,78878594.21
CALX,False,0,0,,,,,,37.49,False,False,False,False,False,False,0,0,False,4,Stage 4 (decline),24,False,,,-31.91,2360519947.61,765017.0,28680487.330000002
CALY,False,0,0,,,,,,15.69,False,False,False,False,False,False,0,0,False,3,Stage 3 (top),1,False,,,3.3,2800830074.49,1535339.0,24089468.91
CARG,False,0,0,,,,,,36.56,False,False,False,False,False,False,0,0,False,1,Stage 1 (base),9,False,,,-3.81,3256526355.6800003,666540.0,24368702.400000002
CASH,False,15,20,24.36,0.84,flat,21.13,-19.46,81.5,False,False,False,False,False,True,0,0,False,3,Stage 3 (top),4,False,,,-10.05,1693029003.0,234132.0,19081758.0
CATY,False,0,0,,,,,,61.87,False,False,False,False,False,False,0,0,False,2,Stage 2 (advance),23,False,,,6.3,4127584043.3999996,345374.0,21368289.38
CBRL,False,0,0,,,,,,55.66,False,False,False,False,False,False,0,0,False,2,Stage 2 (advance),10,False,,,36.37,1244082263.6,699636.0,38941739.76
CBU,False,15,29,23.19,0.78,falling,19.89,-11.18,63.16,False,False,False,False,False,True,0,0,False,2,Stage 2 (advance),22,False,,,-5.72,3323220559.7999997,174068.0,10994134.879999999
CC,False,0,0,,,,,,15.62,False,False,False,False,False,False,0,0,False,3,Stage 3 (top),9,False,,,-17.09,2348899814.58,1564801.0,24442191.619999997
CCOI,False,0,0,,,,,,9.48,False,False,False,False,False,False,0,0,False,4,Stage 4 (decline),72,False,,,-61.63,485525177.28000003,1607297.0,15237175.56
CE,False,0,0,,,,,,45.0,False,False,False,False,False,False,0,0,False,3,Stage 3 (top),11,False,,,-16.74,4938701670.0,1149098.0,51709410.0
CCS,False,0,0,,,,,,69.16,False,False,False,False,False,False,0,0,False,2,Stage 2 (advance),6,False,,,0.81,1966419364.0,216049.0,14941948.84
CENT,False,0,0,,,,,,43.8,False,False,False,False,False,False,0,0,False,2,Stage 2 (advance),19,False,,,7.45,2741555792.3999996,137079.0,6004060.199999999
CENTA,False,0,0,,,,,,37.81,False,False,False,False,False,False,0,0,False,2,Stage 2 (advance),18,False,,,4.02,2366626130.38,285942.0,10811467.020000001
CENX,False,0,0,,,,,,46.59,False,False,False,False,False,False,0,0,False,3,Stage 3 (top),10,False,,,-5.68,4612097614.05,2094617.0,97588206.03
CERT,False,0,0,,,,,,8.35,False,False,False,False,False,False,0,0,False,1,Stage 1 (base),7,False,,,-6.94,1273698813.0,2284698.0,19077228.3
CFFN,False,0,0,,,,,,8.66,False,False,False,False,False,False,0,0,False,2,Stage 2 (advance),53,False,,,9.95,1068379402.36,778041.0,6737835.0600000005
CHEF,False,0,0,,,,,,115.0,False,False,False,False,False,False,0,0,False,2,Stage 2 (advance),18,False,,,43.1,4691549545.0,540757.0,62187055.0
CLSK,False,0,0,,,,,,11.66,False,False,False,False,False,False,0,0,False,1,Stage 1 (base),4,False,,,-18.72,2994487071.18,20753210.0,241982428.6
CNK,False,0,0,,,,,,35.99,False,False,False,False,False,False,0,0,False,2,Stage 2 (advance),15,False,,,16.06,4171667661.4500003,1905298.0,68571675.02000001
CHCO,False,35,50,27.79,0.89,rising,27.67,-3.71,143.46,False,False,False,True,True,True,0,0,False,2,Stage 2 (advance),13,False,,,4.22,2014918653.6000001,87294.0,12523197.24
CNMD,False,0,0,,,,,,49.98,False,False,False,False,False,False,0,0,False,2,Stage 2 (advance),1,True,0.0,0.55,8.35,1496963375.04,317980.0,15892640.399999999
CNR,False,0,22,31.26,0.73,falling,-5.82,-11.96,100.96,True,False,False,False,False,False,0,21,False,3,Stage 3 (top),11,False,,,3.5,5011276506.719999,535417.0,54055700.32
CNS,False,0,0,,,,,,82.73,False,False,False,False,False,False,0,0,False,2,Stage 2 (advance),12,False,,,9.83,4254103425.09,225232.0,18633443.36
CNXC,False,0,0,,,,,,29.38,False,False,False,False,False,False,0,0,False,1,Stage 1 (base),1,False,,,-20.41,1792719123.0,1241937.0,36488109.06
COCO,False,0,0,,,,,,61.71,False,False,False,False,False,False,0,0,False,3,Stage 3 (top),2,False,,,-0.56,3570796881.63,701838.0,43310422.980000004
CNXN,False,0,0,,,,,,79.67,False,False,False,False,False,False,0,0,False,2,Stage 2 (advance),14,False,,,11.71,2010719347.3300002,123525.0,9841236.75
COLL,False,0,0,,,,,,25.35,False,False,False,False,False,False,0,0,False,4,Stage 4 (decline),17,False,,,-39.92,785829542.5500001,733345.0,18590295.75
COHU,False,0,0,,,,,,48.0,False,False,False,False,False,False,0,0,False,2,Stage 2 (advance),45,False,,,22.52,2272244784.0,913776.0,43861248.0
CORT,False,0,0,,,,,,113.88,False,False,False,False,False,False,0,0,False,2,Stage 2 (advance),6,False,,,52.04,12310245450.359999,818208.0,93177527.03999999
COTY,False,0,0,,,,,,2.85,False,False,False,False,False,False,0,0,False,1,Stage 1 (base),7,False,,,-11.81,2509329348.3,9008524.0,25674293.400000002
CPF,False,0,0,,,,,,37.83,False,False,False,False,False,False,0,0,False,2,Stage 2 (advance),23,False,,,4.54,974025352.56,158784.0,6006798.72
CPB,False,0,0,,,,,,23.39,False,False,False,False,False,False,0,0,False,1,Stage 1 (base),4,False,,,-15.92,6975044023.77,5787144.0,135361298.16
CPK,False,45,81,18.48,1.09,rising,8.45,-5.77,132.71,False,True,False,False,False,True,2,0,False,2,Stage 2 (advance),2,True,1.0,0.99,-6.48,3199167643.05,149778.0,19877038.380000003
CRC,False,0,0,,,,,,52.23,False,False,False,False,False,False,0,0,False,3,Stage 3 (top),11,False,,,-12.36,4639063011.389999,824653.0,43071626.19
CRGY,False,0,0,,,,,,13.54,False,False,False,False,False,False,0,0,False,2,Stage 2 (advance),6,False,,,19.37,4473666043.84,4926256.0,66701506.239999995
CRI,False,0,0,,,,,,33.55,False,False,False,False,False,False,0,0,False,3,Stage 3 (top),2,False,,,-12.47,1231660256.75,1225140.0,41103447.0
CRSR,False,0,0,,,,,,12.0,False,False,False,False,False,False,0,0,False,2,Stage 2 (advance),11,False,,,43.59,1298123508.0,1552368.0,18628416.0
CRK,False,0,0,,,,,,14.29,False,False,False,False,False,False,0,0,False,4,Stage 4 (decline),14,False,,,-30.59,4195837630.9199996,2057909.0,29407519.61
CRVL,False,0,0,,,,,,69.24,False,False,False,False,False,False,0,0,False,1,Stage 1 (base),10,False,,,-3.48,3497767376.04,145874.0,10100315.76
CSR,False,20,40,28.54,0.94,falling,-22.13,-23.58,52.48,False,False,False,False,False,False,1,9,False,4,Stage 4 (decline),6,False,,,-20.95,881357044.4799999,106654.0,5597201.92
CSW,False,0,0,,,,,,318.5,False,False,False,False,False,False,0,0,False,3,Stage 3 (top),17,False,,,2.54,5189475609.5,111321.0,35455738.5
CUBI,False,35,32,29.14,0.72,rising,10.3,-6.87,78.58,False,False,False,False,False,True,0,0,False,2,Stage 2 (advance),22,False,,,-2.36,2653850750.84,211413.0,16612833.54
CVCO,False,0,0,,,,,,568.4,False,False,False,False,False,False,0,0,False,1,Stage 1 (base),4,False,,,-8.27,4370656096.8,80300.0,45642520.0
CTS,False,0,0,,,,,,56.57,False,False,False,False,False,False,0,0,False,3,Stage 3 (top),1,False,,,0.04,1615423951.15,147004.0,8316016.28
CVBF,False,15,30,27.45,0.79,rising,30.77,-5.21,22.19,False,False,False,False,False,True,1,0,False,2,Stage 2 (advance),17,False,,,1.12,3905383082.65,872514.0,19361085.66
CVI,False,30,24,33.16,0.75,rising,40.8,4.97,41.76,True,False,False,True,True,True,0,0,False,2,Stage 2 (advance),3,True,2.0,0.66,21.24,4198157814.24,862216.0,36006140.16
CVSA,False,15,24,34.13,0.87,flat,37.98,-5.25,134.47,True,False,False,True,False,True,1,0,False,2,Stage 2 (advance),9,False,,,3.13,4577200125.4,344684.0,46349657.48
CWEN,False,0,22,28.24,1.05,falling,-1.36,-23.91,31.76,False,False,False,False,False,True,2,0,False,3,Stage 3 (top),10,False,,,-16.96,6519529299.52,1022868.0,32486287.680000003
CWST,False,0,28,30.04,0.65,flat,-13.54,-11.25,93.68,True,False,False,False,False,False,0,22,False,1,Stage 1 (base),3,False,,,-7.59,5961799509.280001,398950.0,37373636.0
CXM,False,0,0,,,,,,8.16,False,False,False,False,False,False,0,0,False,1,Stage 1 (base),5,False,,,12.91,1911306697.92,2991115.0,24407498.400000002
CWK,False,0,0,,,,,,14.12,False,False,False,False,False,False,0,0,False,1,Stage 1 (base),4,False,,,-12.56,3314157556.96,1649909.0,23296715.08
CWT,False,45,85,26.11,1.04,rising,26.82,-5.58,50.48,False,False,False,False,False,False,1,10,False,2,Stage 2 (advance),7,False,,,0.55,3121637818.48,460595.0,23250835.599999998
CXW,False,0,0,,,,,,33.81,False,False,False,False,False,False,0,0,False,2,Stage 2 (advance),14,False,,,39.71,3343588863.09,1497787.0,50640178.470000006
CZR,False,0,0,,,,,,29.73,False,False,False,False,False,False,0,0,False,2,Stage 2 (advance),18,False,,,4.47,6058300823.61,2378919.0,70725261.87
DAN,False,0,0,,,,,,30.35,False,False,False,False,False,False,0,0,False,3,Stage 3 (top),1,False,,,-0.49,3264952207.65,1339141.0,40642929.35
DAVE,False,0,0,,,,,,378.55,False,False,False,False,False,False,0,0,False,2,Stage 2 (advance),17,False,,,38.84,4828597174.85,374128.0,141626154.4
DBD,False,0,0,,,,,,67.35,False,False,False,False,False,False,0,0,False,3,Stage 3 (top),5,False,,,-15.16,2286302701.7999997,247724.0,16684211.399999999
DFH,False,0,0,,,,,,14.76,False,False,False,False,False,False,0,0,False,4,Stage 4 (decline),8,False,,,-27.07,1336298341.68,454183.0,6703741.08
DCH,False,0,27,34.11,0.7,flat,-31.91,-13.9,6.32,True,False,False,False,False,False,0,13,False,1,Stage 1 (base),3,False,,,-9.41,1501661084.64,2277199.0,14391897.680000002
DEI,False,15,21,31.35,0.72,falling,20.05,-9.33,11.76,True,False,False,False,False,False,0,32,False,2,Stage 2 (advance),6,False,,,-7.35,1969626739.92,1070746.0,12591972.959999999
DEA,False,15,26,21.74,0.82,flat,29.31,-3.38,24.63,False,False,False,True,True,False,0,22,False,2,Stage 2 (advance),21,False,,,0.89,1165531426.71,298031.0,7340503.529999999
DCOM,False,0,0,,,,,,40.47,False,False,False,False,False,False,0,0,False,2,Stage 2 (advance),40,False,,,9.67,1787017399.6499999,208058.0,8420107.26
DFIN,False,0,0,,,,,,48.32,False,False,False,False,False,False,0,0,False,1,Stage 1 (base),7,False,,,-8.32,1187965706.56,202404.0,9780161.28
DGII,False,0,0,,,,,,75.77,False,False,False,False,False,False,0,0,False,2,Stage 2 (advance),56,False,,,32.32,2875329279.71,367508.0,27846081.16
DIOD,False,0,0,,,,,,88.0,False,False,False,False,False,False,0,0,False,3,Stage 3 (top),1,False,,,9.94,4052550040.0,645102.0,56768976.0
DORM,False,15,21,29.7,1.33,flat,13.38,-16.75,129.35,True,False,False,True,False,True,1,0,False,2,Stage 2 (advance),4,True,3.0,3.28,-9.65,3838541188.2999997,151291.0,19569490.849999998
DMC,False,0,0,,,,,,31.87,False,False,False,False,False,False,0,0,False,4,Stage 4 (decline),10,False,,,-17.57,1502549967.66,282525.0,9004071.75
DLX,False,0,0,,,,,,23.64,False,False,False,False,False,False,0,0,False,3,Stage 3 (top),4,False,,,-7.63,1084042695.6000001,452022.0,10685800.08
DNOW,False,0,0,,,,,,15.93,False,False,False,False,False,False,0,0,False,2,Stage 2 (advance),3,True,2.0,1.27,3.78,2879919243.63,2072227.0,33010576.11
DRH,False,0,0,,,,,,12.7,False,False,False,False,False,False,0,0,False,2,Stage 2 (advance),43,False,,,16.99,2598492148.7,2363806.0,30020336.2
DV,False,0,0,,,,,,13.38,False,False,False,False,False,False,0,0,False,2,Stage 2 (advance),4,True,3.0,3.49,10.1,2073733980.96,2544321.0,34043014.980000004
DXC,False,0,0,,,,,,11.21,False,False,False,False,False,False,0,0,False,1,Stage 1 (base),1,False,,,-18.17,1791119103.69,2225230.0,24944828.3
DXPE,False,0,0,,,,,,185.92,False,False,False,False,False,False,0,0,False,2,Stage 2 (advance),38,False,,,21.76,2884948156.16,113024.0,21013422.08
EBC,False,0,0,,,,,,22.29,False,False,False,False,False,False,0,0,False,2,Stage 2 (advance),15,False,,,2.62,5093522494.08,1678508.0,37413943.32
EAT,False,0,0,,,,,,230.19,False,False,False,False,False,False,0,0,False,2,Stage 2 (advance),12,False,,,34.9,9872340380.1,787972.0,181383274.68
ECPG,False,0,0,,,,,,98.94,False,False,False,False,False,False,0,0,False,2,Stage 2 (advance),44,False,,,34.06,2098454672.04,346583.0,34290922.019999996
EFC,False,50,44,27.16,0.73,falling,10.19,-1.81,13.57,False,True,False,False,True,True,0,0,False,2,Stage 2 (advance),14,False,,,-2.25,1749001828.02,904104.0,12268691.28
EFOR,False,0,0,,,,,,31.95,False,False,False,False,False,False,0,0,False,1,Stage 1 (base),4,False,,,-23.24,1309950000.0,561589.0,17942768.55
EGBN,False,0,0,,,,,,27.57,False,False,False,False,False,False,0,0,False,2,Stage 2 (advance),35,False,,,4.05,840443135.61,207178.0,5711897.46
EIG,False,35,42,34.67,0.66,flat,33.07,-5.84,49.17,False,False,False,True,False,True,0,0,False,2,Stage 2 (advance),14,False,,,4.2,883118080.02,124413.0,6117387.21
EMN,False,0,0,,,,,,73.03,False,False,False,False,False,False,0,0,False,2,Stage 2 (advance),4,True,3.0,0.77,-2.32,8349273277.690001,826161.0,60334537.83
ENPH,False,0,0,,,,,,37.25,False,False,False,False,False,False,0,0,False,3,Stage 3 (top),7,False,,,-14.59,4922388138.0,3885967.0,144752270.75
ENVA,False,0,0,,,,,,232.72,False,False,False,False,False,False,0,0,False,2,Stage 2 (advance),21,False,,,29.74,5794348899.12,279239.0,64984500.08
ENOV,False,0,0,,,,,,24.9,False,False,False,False,False,False,0,0,False,1,Stage 1 (base),8,False,,,-14.21,1435970400.6,656457.0,16345779.299999999
ENR,False,0,0,,,,,,22.27,False,False,False,False,False,False,0,0,False,2,Stage 2 (advance),5,False,,,-1.76,1525130595.99,992403.0,22100814.81
EPAC,False,15,23,12.77,0.69,rising,-15.47,-1.03,37.61,True,False,False,False,True,False,0,17,False,1,Stage 1 (base),4,False,,,-10.75,1923286866.06,297333.0,11182694.129999999
EPAM,False,0,0,,,,,,114.8,False,False,False,False,False,False,0,0,False,1,Stage 1 (base),1,False,,,-28.27,5922185418.8,1255293.0,144107636.4
EPC,False,0,0,,,,,,29.05,False,False,False,False,False,False,0,0,False,2,Stage 2 (advance),12,False,,,24.07,1338882980.75,487457.0,14160625.85
EPRT,False,45,91,18.83,0.8,falling,9.19,-10.73,30.37,False,False,False,False,False,True,0,0,False,3,Stage 3 (top),4,False,,,-9.86,6568211131.4800005,1798014.0,54605685.18
ETSY,False,0,0,,,,,,83.59,False,False,False,False,False,False,0,0,False,2,Stage 2 (advance),10,False,,,19.49,7672036315.320001,2779360.0,232326702.4
ESI,False,0,0,,,,,,34.93,False,False,False,False,False,False,0,0,False,3,Stage 3 (top),2,False,,,-3.49,8512123626.0199995,4943109.0,172662797.37
EXTR,False,0,0,,,,,,22.58,False,False,False,False,False,False,0,0,False,2,Stage 2 (advance),13,False,,,-0.58,2946478944.74,1445732.0,32644628.56
EVTC,False,0,0,,,,,,29.98,False,False,False,False,False,False,0,0,False,1,Stage 1 (base),9,False,,,-6.19,1791381209.16,349394.0,10474832.120000001
ESE,False,0,0,,,,,,276.96,False,False,False,False,False,False,0,0,False,3,Stage 3 (top),2,False,,,-3.66,7175359756.32,184034.0,50970056.63999999
EYE,False,0,0,,,,,,17.38,False,False,False,False,False,False,0,0,False,4,Stage 4 (decline),16,False,,,-34.96,1374224659.9399998,2034733.0,35363659.54
EZPW,False,0,0,,,,,,33.0,False,False,False,False,False,False,0,0,False,2,Stage 2 (advance),3,True,2.0,1.46,19.05,2030687274.0,1272919.0,42006327.0
FA,False,0,0,,,,,,21.04,False,False,False,False,False,False,0,0,False,2,Stage 2 (advance),11,False,,,27.12,3613697658.64,1422843.0,29936616.72
FBK,False,35,38,22.27,0.85,rising,5.77,-7.67,57.85,False,False,False,False,False,True,1,0,False,2,Stage 2 (advance),2,True,1.0,0.75,-5.3,2891235283.3,251206.0,14532267.1
FBNC,False,0,0,,,,,,63.99,False,False,False,False,False,False,0,0,False,2,Stage 2 (advance),23,False,,,2.77,2647536401.79,168487.0,10781483.13
FBRT,False,0,0,,,,,,8.46,False,False,False,False,False,False,0,0,False,1,Stage 1 (base),1,False,,,-15.0,702564219.36,1558935.0,13188590.100000001
FCPT,False,45,72,19.52,0.89,flat,18.46,-5.84,25.23,False,False,False,False,False,True,0,1,False,2,Stage 2 (advance),14,False,,,-4.69,2769154123.38,680184.0,17161042.32
FBP,False,0,0,,,,,,28.01,False,False,False,False,False,False,0,0,False,2,Stage 2 (advance),17,False,,,12.31,4276238186.6800003,1063950.0,29801239.5
FCF,False,0,0,,,,,,20.85,False,False,False,False,False,False,0,0,False,2,Stage 2 (advance),23,False,,,5.63,2107016036.2500002,552870.0,11527339.5
FELE,False,35,40,22.42,0.72,flat,14.1,-12.95,100.56,False,False,False,False,False,False,0,14,False,2,Stage 2 (advance),13,False,,,-7.45,4445904819.84,180284.0,18129359.04
FG,False,0,21,34.76,1.06,falling,-15.22,-28.3,23.99,True,False,False,False,False,False,0,6,False,4,Stage 4 (decline),2,False,,,-23.03,3141135663.91,652585.0,15655514.149999999
FFBC,False,0,0,,,,,,32.82,False,False,False,False,False,False,0,0,False,2,Stage 2 (advance),40,False,,,5.18,3445080610.8,628537.0,20628584.34
FHB,False,35,33,27.86,1.13,falling,17.61,-14.86,25.79,False,False,False,False,False,True,0,0,False,3,Stage 3 (top),2,False,,,-8.89,3138143550.86,1840409.0,47464148.11
FIVN,False,0,0,,,,,,34.05,False,False,False,False,False,False,0,0,False,2,Stage 2 (advance),9,False,,,43.54,2544336230.5499997,1633650.0,55625782.49999999
FIBK,False,15,26,23.68,0.82,rising,19.09,-7.64,37.04,False,False,False,False,False,True,0,0,False,2,Stage 2 (advance),21,False,,,-1.52,3530082643.2799997,838484.0,31057447.36
FIZZ,False,15,30,13.08,0.93,falling,6.56,-5.67,32.58,True,True,False,False,False,True,1,0,False,2,Stage 2 (advance),2,True,1.0,1.02,-6.9,3049882283.16,303261.0,9880243.379999999
FLO,False,0,0,,,,,,7.1,False,False,False,False,False,False,0,0,False,4,Stage 4 (decline),91,False,,,-32.78,1505151933.0,7148655.0,50755450.5
FMC,False,0,0,,,,,,11.33,False,False,False,False,False,False,0,0,False,4,Stage 4 (decline),53,False,,,-38.42,1418820085.8700001,2446828.0,27722561.24
FOXF,False,0,0,,,,,,20.56,False,False,False,False,False,False,0,0,False,2,Stage 2 (advance),5,False,,,-2.23,864157380.56,375355.0,7717298.8
FRPT,False,0,0,,,,,,70.82,False,False,False,False,False,False,0,0,False,3,Stage 3 (top),4,False,,,5.44,3403472800.68,1140958.0,80802645.55999999
FTDR,False,0,0,,,,,,82.89,False,False,False,False,False,False,0,0,False,2,Stage 2 (advance),11,False,,,16.92,5710566963.24,426903.0,35385989.67
FSS,False,35,44,24.51,0.79,rising,16.34,-12.07,118.13,False,False,False,False,False,True,0,0,False,2,Stage 2 (advance),5,False,,,-7.6,7210845507.429999,313090.0,36985321.699999996
FTRE,False,0,0,,,,,,18.81,False,False,False,False,False,False,0,0,False,2,Stage 2 (advance),17,False,,,26.32,1788830999.9999998,996436.0,18742961.16
FORM,False,0,0,,,,,,101.69,False,False,False,False,False,False,0,0,False,3,Stage 3 (top),2,False,,,5.26,7944487128.874999,1072440.0,109056423.6
FUL,False,0,28,33.78,1.18,falling,-4.02,-16.3,56.35,False,False,False,False,False,True,2,1,False,3,Stage 3 (top),9,False,,,-14.46,3030920609.85,608098.0,34266322.300000004
FUN,False,0,0,,,,,,16.22,False,False,False,False,False,False,0,0,False,1,Stage 1 (base),7,False,,,-21.55,1659570580.6399999,1546200.0,25079364.0
GBX,False,15,29,27.73,0.83,falling,4.32,-21.35,45.91,False,False,False,False,False,False,0,24,False,3,Stage 3 (top),5,False,,,-13.21,1420440984.26,273139.0,12539811.489999998
GEO,False,0,0,,,,,,32.28,False,False,False,False,False,False,0,0,False,2,Stage 2 (advance),13,False,,,41.91,4248680171.52,2144590.0,69227365.2
FULT,False,0,0,,,,,,23.67,False,False,False,False,False,False,0,0,False,2,Stage 2 (advance),40,False,,,4.61,4532839175.0,1451127.0,34348176.09
GIII,False,0,0,,,,,,33.46,False,False,False,False,False,False,0,0,False,2,Stage 2 (advance),15,False,,,0.53,1411696572.58,417084.0,13955630.64
GFF,False,0,0,,,,,,98.98,False,False,False,False,False,False,0,0,False,2,Stage 2 (advance),21,False,,,8.44,4483270989.68,285464.0,28255226.720000003
GKOS,False,0,0,,,,,,179.87,False,False,False,False,False,False,0,0,False,2,Stage 2 (advance),13,False,,,38.05,10609440748.19,585949.0,105394646.63
GNL,False,15,20,9.02,1.44,falling,13.48,-3.99,9.16,False,True,False,False,True,True,2,0,False,2,Stage 2 (advance),1,True,0.0,0.72,-2.74,2118871570.1200001,1671461.0,15310582.76
GNW,False,50,37,27.96,0.74,rising,20.9,-2.92,9.98,False,False,False,False,True,True,0,0,False,2,Stage 2 (advance),10,False,,,1.61,3770953349.26,2247308.0,22428133.84
GO,False,0,0,,,,,,12.17,False,False,False,False,False,False,0,0,False,1,Stage 1 (base),12,False,,,4.04,1205858267.64,2632469.0,32037147.73
GOLF,False,0,0,,,,,,86.91,False,False,False,False,False,False,0,0,False,3,Stage 3 (top),4,False,,,-13.29,5075982374.04,410956.0,35716185.96
GPOR,False,0,21,33.85,1.07,falling,-33.54,-16.34,176.37,True,False,False,False,False,True,2,0,False,4,Stage 4 (decline),11,False,,,-15.01,3118903446.42,242514.0,42772194.18
GRBK,False,35,46,31.55,1.12,flat,15.45,-11.87,73.31,False,False,False,False,False,False,2,5,False,2,Stage 2 (advance),10,False,,,-4.62,3153114123.76,316795.0,23224241.45
GPI,False,0,0,,,,,,263.95,False,False,False,False,False,False,0,0,False,4,Stage 4 (decline),35,False,,,-33.48,3146871288.75,172769.0,45602377.55
GSHD,False,0,0,,,,,,71.26,False,False,False,False,False,False,0,0,False,1,Stage 1 (base),9,False,,,8.33,1696187884.3000002,263701.0,18791333.26
GTES,False,35,41,33.23,0.8,flat,33.74,-14.73,25.87,False,False,False,True,False,True,0,0,False,2,Stage 2 (advance),12,False,,,-5.6,6549020767.900001,1580476.0,40886914.120000005
GTM,False,0,0,,,,,,4.2,False,False,False,False,False,False,0,0,False,4,Stage 4 (decline),30,False,,,-46.89,1222662193.2,4938737.0,20742695.400000002
GT,False,0,0,,,,,,6.35,False,False,False,False,False,False,0,0,False,4,Stage 4 (decline),27,False,,,-23.77,1828156979.9499998,7155203.0,45435539.05
HAFC,False,0,0,,,,,,31.14,False,False,False,False,False,False,0,0,False,2,Stage 2 (advance),22,False,,,1.87,923277800.7,189126.0,5889383.64
GTY,False,0,0,,,,,,32.87,False,False,False,False,False,False,0,0,False,2,Stage 2 (advance),33,False,,,-1.35,2035727816.1299999,634756.0,20864429.72
GVA,False,0,0,,,,,,122.52,False,False,False,False,False,False,0,0,False,3,Stage 3 (top),8,False,,,-8.85,5443182930.36,441817.0,54131418.839999996
HAYW,False,20,45,28.27,0.94,flat,-10.43,-20.19,14.15,False,False,False,False,False,False,1,23,False,4,Stage 4 (decline),2,False,,,-16.54,3001492085.3,1644731.0,23272943.650000002
HASI,False,0,0,,,,,,40.0,False,False,False,False,False,False,0,0,False,2,Stage 2 (advance),49,False,,,3.67,5139831600.0,845645.0,33825800.0
HCC,False,0,0,,,,,,107.07,False,False,False,False,False,False,0,0,False,3,Stage 3 (top),10,False,,,16.17,5653519455.089999,575640.0,61633774.8
HCI,False,35,43,28.34,0.97,rising,6.43,-9.91,186.29,True,True,False,False,False,True,1,0,False,2,Stage 2 (advance),1,True,0.0,0.8,-1.98,2317236533.43,137978.0,25703921.619999997
HCSG,False,0,0,,,,,,22.44,False,False,False,False,False,False,0,0,False,2,Stage 2 (advance),21,False,,,2.33,1540106612.88,610123.0,13691160.120000001
HLIT,False,0,0,,,,,,12.02,False,False,False,False,False,False,0,0,False,2,Stage 2 (advance),4,True,3.0,0.73,-1.43,1310978668.8999999,1390344.0,16711934.879999999
HFWA,False,0,0,,,,,,28.67,False,False,False,False,False,False,0,0,False,2,Stage 2 (advance),38,False,,,1.1,1173049047.8600001,268355.0,7693737.850000001
HE,False,0,0,,,,,,11.4,False,False,False,False,False,False,0,0,False,3,Stage 3 (top),16,False,,,-22.59,1969099245.6000001,2101904.0,23961705.6
HLX,False,0,0,,,,,,10.14,False,False,False,False,False,False,0,0,False,2,Stage 2 (advance),8,False,,,11.07,1494458012.5800002,1260612.0,12782605.680000002
HMN,False,35,41,30.75,1.01,rising,31.91,-7.58,51.35,False,False,False,False,False,True,2,0,False,2,Stage 2 (advance),12,False,,,1.83,2079729122.9,215961.0,11089597.35
HOPE,False,0,0,,,,,,13.92,False,False,False,False,False,False,0,0,False,2,Stage 2 (advance),22,False,,,8.45,1778166357.12,813248.0,11320412.16
HNI,False,0,0,,,,,,49.13,False,False,False,False,False,False,0,0,False,2,Stage 2 (advance),1,True,0.0,0.6,8.4,3546291834.0,439679.0,21601429.27
HIW,False,0,0,,,,,,31.15,False,False,False,False,False,False,0,0,False,2,Stage 2 (advance),8,False,,,7.17,3436038472.6499996,840301.0,26175376.15
HRMY,False,0,20,30.74,0.88,rising,-4.87,-3.19,39.21,True,False,False,True,True,True,1,1,False,1,Stage 1 (base),8,False,,,7.19,2283448969.53,559450.0,21936034.5
HP,False,0,0,,,,,,42.55,False,False,False,False,False,False,0,0,False,2,Stage 2 (advance),4,True,3.0,0.93,21.05,4252402109.7499995,1144768.0,48709878.4
HSTM,False,0,0,,,,,,29.38,False,False,False,False,False,False,0,0,False,2,Stage 2 (advance),7,False,,,8.8,859069877.9,191181.0,5616897.78
HUBG,False,0,0,,,,,,39.61,False,False,False,False,False,False,0,0,False,3,Stage 3 (top),3,False,,,-11.91,2422290531.1,995248.0,39421773.28
HTLD,False,0,0,,,,,,12.18,False,False,False,False,False,False,0,0,False,3,Stage 3 (top),1,False,,,0.59,941911201.98,718523.0,8751610.14
HTO,False,0,0,,,,,,63.55,False,False,False,False,False,False,0,0,False,2,Stage 2 (advance),27,False,,,7.05,2659999894.2,316293.0,20100420.15
HTH,False,15,26,15.94,0.66,flat,20.98,-4.63,38.5,False,False,False,False,True,True,0,0,False,2,Stage 2 (advance),23,False,,,-2.75,2205527054.5,214818.0,8270493.0
HWKN,False,20,39,34.58,0.86,falling,-10.53,-30.69,120.35,True,False,False,False,False,False,0,5,False,4,Stage 4 (decline),2,False,,,-26.64,2512320330.95,138820.0,16706987.0
HZO,False,0,0,,,,,,52.18,False,False,False,False,False,False,0,0,False,2,Stage 2 (advance),22,False,,,58.09,1152485832.3,524494.0,27368096.919999998
IART,False,0,0,,,,,,16.89,False,False,False,False,False,False,0,0,False,2,Stage 2 (advance),11,False,,,11.33,1313577626.3400002,560783.0,9471624.870000001
IBP,False,0,0,,,,,,245.56,False,False,False,False,False,False,0,0,False,4,Stage 4 (decline),12,False,,,-14.71,6526782704.12,237331.0,58279000.36
ICHR,False,0,0,,,,,,55.44,False,False,False,False,False,False,0,0,False,3,Stage 3 (top),2,False,,,10.08,2076649726.905,620733.0,34413437.519999996
ICUI,False,0,0,,,,,,175.1,False,False,False,False,False,False,0,0,False,2,Stage 2 (advance),10,False,,,12.49,4378732353.8,215481.0,37730723.1
IIPR,False,0,0,,,,,,56.31,False,False,False,False,False,False,0,0,False,2,Stage 2 (advance),19,False,,,0.05,1552542662.19,304736.0,17159684.16
INDV,False,0,0,,,,,,34.87,False,False,False,False,False,False,0,0,False,3,Stage 3 (top),1,False,,,-5.21,4115135940.6299996,1902586.0,66343173.81999999
INDB,False,15,21,13.87,0.85,flat,21.84,-6.22,82.06,False,False,False,False,False,True,0,0,False,2,Stage 2 (advance),52,False,,,-2.12,3887108263.94,288289.0,23656995.34
INSP,False,0,0,,,,,,61.44,False,False,False,False,False,False,0,0,False,1,Stage 1 (base),4,False,,,-19.81,1776253440.0,485229.0,29812469.759999998
INSW,False,0,0,,,,,,98.81,False,False,False,False,False,False,0,0,False,2,Stage 2 (advance),58,False,,,40.42,4894188839.91,477710.0,47202525.1
INVA,False,15,23,18.19,0.87,falling,11.63,-14.23,20.97,False,False,False,False,False,True,0,0,False,3,Stage 3 (top),7,False,,,-10.29,1514987820.4499998,567930.0,11909492.1
INVX,False,0,0,,,,,,30.11,False,False,False,False,False,False,0,0,False,2,Stage 2 (advance),7,False,,,12.76,2105767750.97,585152.0,17618926.72
IOSP,False,30,23,33.66,0.89,rising,23.3,-1.34,95.38,True,False,False,True,True,False,1,14,False,2,Stage 2 (advance),12,False,,,9.68,2349309262.8599997,167302.0,15957264.76
IPAR,False,0,0,,,,,,117.78,False,False,False,False,False,False,0,0,False,2,Stage 2 (advance),11,False,,,10.16,3771996486.18,229053.0,26977862.34
IRDM,False,0,0,,,,,,46.6,False,False,False,False,False,False,0,0,False,2,Stage 2 (advance),21,False,,,41.48,4938740323.2,942660.0,43927956.0
ITGR,False,0,0,,,,,,125.33,False,False,False,False,False,False,0,0,False,2,Stage 2 (advance),11,False,,,25.86,4260223375.84,666604.0,83545479.32
ITRI,False,0,0,,,,,,97.53,False,False,False,False,False,False,0,0,False,1,Stage 1 (base),5,False,,,-9.94,4270522020.09,497442.0,48515518.26
IVT,False,0,0,,,,,,32.55,False,False,False,False,False,False,0,0,False,3,Stage 3 (top),1,False,,,-3.61,2538197929.0499997,529703.0,17241832.65
JBGS,False,0,0,,,,,,12.08,False,False,False,False,False,False,0,0,False,4,Stage 4 (decline),8,False,,,-32.36,707594105.68,766056.0,9253956.48
JBLU,False,15,22,34.29,1.0,rising,23.49,-27.49,4.8,True,False,False,False,False,False,0,6,False,3,Stage 3 (top),2,False,,,-13.66,1811098468.8,22752503.0,109212014.39999999
JBSS,False,0,0,,,,,,74.66,False,False,False,False,False,False,0,0,False,3,Stage 3 (top),2,False,,,-6.4,872743669.5,180762.0,13495690.92
JBTM,False,0,27,33.31,1.29,falling,-25.77,-29.84,118.29,True,False,False,False,False,True,0,0,False,4,Stage 4 (decline),7,False,,,-22.63,6136508682.93,523337.0,61905533.730000004
JJSF,False,0,22,30.06,1.04,rising,-19.45,-3.21,89.26,True,False,False,False,True,True,1,0,False,1,Stage 1 (base),4,False,,,-4.84,1667520330.0800002,181175.0,16171680.5
JXN,False,50,24,34.59,1.0,rising,25.03,-2.78,134.16,False,False,False,True,True,True,1,0,True,2,Stage 2 (advance),8,False,,,13.3,9086488295.039999,506189.0,67910316.24
JOE,False,15,22,16.99,0.88,flat,6.84,-6.76,67.32,False,True,False,False,False,True,2,0,False,2,Stage 2 (advance),4,True,3.0,1.05,-1.13,3832557961.3199997,177663.0,11960273.159999998
KAI,False,45,53,34.76,0.9,rising,7.73,-14.44,302.24,True,False,False,False,False,False,1,15,False,3,Stage 3 (top),2,False,,,-10.57,3569187522.08,141308.0,42708929.92
KALU,False,0,0,,,,,,156.38,False,False,False,False,False,False,0,0,False,2,Stage 2 (advance),1,True,0.0,0.89,9.24,2556671006.96,232297.0,36326604.86
KFY,False,0,0,,,,,,86.28,False,False,False,False,False,False,0,0,False,2,Stage 2 (advance),10,False,,,14.38,4431007155.24,326199.0,28144449.72
KGS,False,0,0,,,,,,57.67,False,False,False,False,False,False,0,0,False,3,Stage 3 (top),1,False,,,4.65,5830669467.77,1799563.0,103780798.21000001
KLIC,False,0,0,,,,,,81.03,False,False,False,False,False,False,0,0,False,3,Stage 3 (top),2,False,,,6.07,4240228188.4500003,815025.0,66041475.75
KMX,False,0,0,,,,,,62.11,False,False,False,False,False,False,0,0,False,2,Stage 2 (advance),10,False,,,22.17,8814098172.56,1799999.0,111797937.89
KN,False,0,0,,,,,,34.23,False,False,False,False,False,False,0,0,False,2,Stage 2 (advance),51,False,,,9.3,2923595458.9799995,868440.0,29726701.199999996
KMT,False,0,0,,,,,,29.54,False,False,False,False,False,False,0,0,False,3,Stage 3 (top),9,False,,,-14.37,2251246442.62,1555251.0,45942114.54
KNTK,False,0,0,,,,,,53.81,False,False,False,False,False,False,0,0,False,2,Stage 2 (advance),25,False,,,15.73,4328598172.03,1081442.0,58192394.02
KMPR,False,0,0,,,,,,27.93,False,False,False,False,False,False,0,0,False,4,Stage 4 (decline),61,False,,,-27.61,1644357299.76,852760.0,23817586.8
KOP,False,0,0,,,,,,46.56,False,False,False,False,False,False,0,0,False,2,Stage 2 (advance),25,False,,,18.35,880522606.08,162980.0,7588348.800000001
KSS,False,0,0,,,,,,17.5,False,False,False,False,False,False,0,0,False,1,Stage 1 (base),6,False,,,-6.04,1984499877.5,5460356.0,95556230.0
KTB,False,0,0,,,,,,76.99,False,False,False,False,False,False,0,0,False,2,Stage 2 (advance),7,False,,,-4.21,4207782203.7999997,567203.0,43668958.97
LAUR,False,15,23,30.56,0.69,rising,23.42,-5.19,38.8,False,False,False,False,False,True,0,0,False,2,Stage 2 (advance),13,False,,,5.33,5344675168.0,753827.0,29248487.599999998
KWR,False,15,20,24.13,1.06,rising,18.98,-5.27,165.91,True,False,False,True,False,False,2,21,False,2,Stage 2 (advance),12,False,,,4.78,2854929838.82,145188.0,24088141.08
LAZ,False,0,23,25.39,1.03,falling,-26.95,-13.03,43.64,True,False,False,False,False,False,2,5,False,4,Stage 4 (decline),14,False,,,-15.67,4252742962.08,1216939.0,53107217.96
LBRT,False,0,0,,,,,,19.02,False,False,False,False,False,False,0,0,False,3,Stage 3 (top),9,False,,,-22.37,3103900732.3199997,3377246.0,64235218.92
LCII,False,0,20,32.91,0.74,rising,-31.7,-23.87,102.96,True,False,False,False,False,False,0,37,False,4,Stage 4 (decline),7,False,,,-16.38,2503112760.72,267914.0,27584425.439999998
LEG,False,15,24,31.19,1.45,falling,11.51,-28.16,9.2,False,False,False,False,False,True,0,0,False,3,Stage 3 (top),1,False,,,-20.02,1256618754.0,1366308.0,12570033.6
LEU,False,0,0,,,,,,175.78,False,False,False,False,False,False,0,0,False,4,Stage 4 (decline),21,False,,,-32.01,3507313379.2400002,582916.0,102464974.48
LFST,False,0,0,,,,,,12.31,False,False,False,False,False,False,0,0,False,2,Stage 2 (advance),20,False,,,49.12,4703104546.79,3227161.0,39726351.910000004
LGIH,False,0,0,,,,,,57.5,False,False,False,False,False,False,0,0,False,2,Stage 2 (advance),10,False,,,2.81,1336775640.0,217263.0,12492622.5
LGND,False,0,0,,,,,,280.49,False,False,False,False,False,False,0,0,False,2,Stage 2 (advance),57,False,,,16.25,5591738968.41,175279.0,49164006.71
LKQ,False,0,0,,,,,,25.53,False,False,False,False,False,False,0,0,False,4,Stage 4 (decline),16,False,,,-19.43,6459143255.58,3294394.0,84105878.82000001
LMAT,False,0,0,,,,,,80.45,False,False,False,False,False,False,0,0,False,3,Stage 3 (top),4,False,,,-22.0,1839831725.65,326230.0,26245203.5
LKFN,False,45,75,34.7,0.9,falling,12.59,-11.13,59.61,True,False,False,False,False,False,1,23,False,3,Stage 3 (top),1,False,,,-8.95,1481775842.4,133481.0,7956802.41
LNC,False,0,0,,,,,,43.29,False,False,False,False,False,False,0,0,False,1,Stage 1 (base),8,False,,,1.1,8287755175.44,1794710.0,77692995.89999999
LNN,False,20,33,32.19,0.84,falling,-6.72,-22.53,113.88,True,False,False,False,False,False,0,48,False,4,Stage 4 (decline),1,False,,,-13.9,1158032623.8,132194.0,15054252.719999999
LPG,False,0,0,,,,,,49.78,False,False,False,False,False,False,0,0,False,2,Stage 2 (advance),34,False,,,38.69,2129721860.18,510321.0,25403779.38
LQDA,False,0,0,,,,,,67.69,False,False,False,False,False,False,0,0,False,2,Stage 2 (advance),59,False,,,38.45,6019543021.309999,1194996.0,80889279.24
LQDT,False,0,0,,,,,,41.48,False,False,False,False,False,False,0,0,False,2,Stage 2 (advance),24,False,,,16.68,1299635514.6399999,182722.0,7579308.56
LRN,False,0,0,,,,,,86.84,False,False,False,False,False,False,0,0,False,1,Stage 1 (base),5,False,,,-15.3,3609056939.8,539235.0,46827167.4
LTH,False,0,0,,,,,,43.51,False,False,False,False,False,False,0,0,False,2,Stage 2 (advance),15,False,,,27.91,9722829357.48,2413296.0,105002508.96
LTC,False,15,25,18.33,1.22,rising,28.15,-5.09,40.62,False,False,False,False,False,True,2,0,False,2,Stage 2 (advance),10,False,,,1.15,2189643969.06,486624.0,19766666.88
LUMN,False,0,0,,,,,,6.04,False,False,False,False,False,False,0,0,False,4,Stage 4 (decline),6,False,,,-28.51,6229930240.16,9855119.0,59524918.76
LW,False,0,0,,,,,,54.98,False,False,False,False,False,False,0,0,False,2,Stage 2 (advance),1,True,0.0,0.62,1.45,7558824026.839999,1248349.0,68634228.02
LYFT,False,0,0,,,,,,17.7,False,False,False,False,False,False,0,0,False,1,Stage 1 (base),5,False,,,-5.78,6700162407.3,9372145.0,165886966.5
LXP,False,0,0,,,,,,60.69,False,False,False,False,False,False,0,0,False,2,Stage 2 (advance),21,False,,,11.07,3578116352.16,426260.0,25869719.4
LZ,False,0,0,,,,,,6.15,False,False,False,False,False,False,0,0,False,4,Stage 4 (decline),4,False,,,-29.99,1053278593.8000001,2423235.0,14902895.25
LZB,False,35,41,34.48,1.42,flat,4.53,-27.46,32.57,True,False,False,False,False,False,0,28,False,3,Stage 3 (top),2,False,,,-17.84,1304518751.47,1025307.0,33394248.990000002
MAC,False,0,0,,,,,,23.75,False,False,False,False,False,False,0,0,False,2,Stage 2 (advance),40,False,,,6.81,6734535156.25,1882319.0,44705076.25
MARA,False,0,0,,,,,,10.67,False,False,False,False,False,False,0,0,False,1,Stage 1 (base),1,False,,,-21.01,4121813498.99,60599471.0,646596355.57
MAN,False,0,0,,,,,,62.39,False,False,False,False,False,False,0,0,False,2,Stage 2 (advance),9,False,,,65.77,2901593067.38,881224.0,54979565.36
MATW,False,40,32,34.0,2.86,falling,-3.07,-30.97,20.93,False,False,False,False,False,False,1,3,False,3,Stage 3 (top),4,False,,,-24.38,653291710.89,745627.0,15605973.11
MBC,False,0,0,,,,,,8.63,False,False,False,False,False,False,0,0,False,4,Stage 4 (decline),24,False,,,-25.11,1756122928.7,1510980.0,13039757.4
MATX,False,0,0,,,,,,224.31,False,False,False,False,False,False,0,0,False,2,Stage 2 (advance),36,False,,,32.63,6707644663.9800005,214695.0,48158235.45
MBIN,False,0,0,,,,,,53.41,False,False,False,False,False,False,0,0,False,2,Stage 2 (advance),35,False,,,17.46,2453552585.75,134370.0,7176701.699999999
MC,False,0,29,34.84,0.82,falling,-7.1,-5.19,68.4,True,False,False,False,False,True,0,0,False,1,Stage 1 (base),8,False,,,-4.87,5067133081.200001,672232.0,45980668.800000004
MCRI,False,0,0,,,,,,122.57,False,False,False,False,False,False,0,0,False,2,Stage 2 (advance),16,False,,,5.21,2196763398.97,137275.0,16825796.75
MD,False,0,0,,,,,,26.61,False,False,False,False,False,False,0,0,False,2,Stage 2 (advance),13,False,,,10.96,2162149541.31,770514.0,20503377.54
MCY,False,0,0,,,,,,102.97,False,False,False,False,False,False,0,0,False,2,Stage 2 (advance),22,False,,,0.68,5703366922.19,239124.0,24622598.28
MDU,False,15,24,15.01,0.79,falling,7.78,-13.31,19.79,False,False,False,False,False,True,1,0,False,3,Stage 3 (top),5,False,,,-10.83,4162815734.24,1260658.0,24948421.82
MGEE,False,35,46,16.57,0.84,flat,5.61,-9.53,78.15,True,False,False,False,False,False,1,11,False,1,Stage 1 (base),10,False,,,-11.05,2949890616.15,137035.0,10709285.25
MGY,False,0,0,,,,,,26.25,False,False,False,False,False,False,0,0,False,3,Stage 3 (top),1,False,,,-6.76,6220425540.0,3034350.0,79651687.5
MHK,False,0,0,,,,,,129.89,False,False,False,False,False,False,0,0,False,2,Stage 2 (advance),4,True,3.0,1.41,1.42,8798507654.05,805790.0,104664063.1
MHO,False,15,22,34.34,0.86,rising,24.15,-7.49,151.4,False,False,False,True,False,False,1,5,False,2,Stage 2 (advance),9,False,,,-0.65,3827850893.4,186480.0,28233072.0
MIR,False,0,0,,,,,,14.4,False,False,False,False,False,False,0,0,False,4,Stage 4 (decline),21,False,,,-38.53,3503204524.8,3114543.0,44849419.2
MKTX,False,0,0,,,,,,162.72,False,False,False,False,False,False,0,0,False,1,Stage 1 (base),5,False,,,-7.92,5726587223.5199995,1083060.0,176235523.2
MLKN,False,0,0,,,,,,23.13,False,False,False,False,False,False,0,0,False,2,Stage 2 (advance),10,False,,,15.31,1575690494.9399998,520776.0,12045548.879999999
MMI,False,35,42,27.85,0.57,flat,26.39,-3.13,32.5,True,False,False,True,True,False,0,16,False,2,Stage 2 (advance),8,False,,,2.63,1230807597.5,107818.0,3504085.0
MMSI,False,0,0,,,,,,90.49,False,False,False,False,False,False,0,0,False,1,Stage 1 (base),8,False,,,4.5,5403195905.799999,639663.0,57883104.87
MPT,False,0,26,28.81,1.2,falling,-18.59,-25.76,4.09,True,False,False,False,False,False,0,26,False,4,Stage 4 (decline),9,False,,,-23.81,2442548000.0,6679170.0,27317805.3
MRCY,False,0,0,,,,,,88.54,False,False,False,False,False,False,0,0,False,3,Stage 3 (top),2,False,,,-7.72,5324453215.820001,1138635.0,100814742.9
MRTN,False,0,0,,,,,,14.36,False,False,False,False,False,False,0,0,False,3,Stage 3 (top),2,False,,,-1.93,1172661566.84,418501.0,6009674.359999999
MSEX,False,45,79,28.15,0.93,rising,19.93,-9.34,58.49,True,False,False,False,False,False,2,22,False,2,Stage 2 (advance),6,False,,,-0.32,1102182401.54,129808.0,7592469.92
MSGS,False,0,0,,,,,,389.34,False,False,False,False,False,False,0,0,False,2,Stage 2 (advance),45,False,,,16.87,9375284228.939999,210757.0,82056130.38
MTCH,False,30,21,31.51,0.9,rising,36.13,0.43,41.58,False,False,False,True,True,False,0,3,False,2,Stage 2 (advance),13,False,,,10.5,9699222151.08,3068988.0,127608521.03999999
MTUS,False,15,22,34.8,1.05,flat,14.04,-13.33,19.57,False,False,False,True,False,False,1,35,False,2,Stage 2 (advance),8,False,,,-2.68,811162487.88,309040.0,6047912.8
MTH,False,0,0,,,,,,71.06,False,False,False,False,False,False,0,0,False,2,Stage 2 (advance),8,False,,,-8.29,4631271048.58,545622.0,38771899.32
MTRN,False,0,0,,,,,,237.74,False,False,False,False,False,False,0,0,False,2,Stage 2 (advance),51,False,,,27.44,4945345043.900001,291415.0,69281002.10000001
MTX,False,0,0,,,,,,72.08,False,False,False,False,False,False,0,0,False,3,Stage 3 (top),3,False,,,-4.12,2243761164.96,157245.0,11334219.6
MWA,False,45,57,30.4,0.84,falling,2.0,-20.94,24.38,False,False,False,False,False,True,1,0,False,3,Stage 3 (top),17,False,,,-15.11,3806344054.02,973079.0,23723666.02
MXL,False,0,0,,,,,,61.73,False,False,False,False,False,False,0,0,False,2,Stage 2 (advance),23,False,,,42.12,5598490680.429999,2111175.0,130322832.75
MYRG,False,0,0,,,,,,294.42,False,False,False,False,False,False,0,0,False,3,Stage 3 (top),5,False,,,-9.39,4583898585.0,287757.0,84721415.94
NABL,False,0,0,,,,,,4.19,False,False,False,False,False,False,0,0,False,4,Stage 4 (decline),3,False,,,-34.42,791514145.5600001,2417589.0,10129697.91
NAVI,False,0,0,,,,,,9.46,False,False,False,False,False,False,0,0,False,1,Stage 1 (base),4,False,,,-14.42,889139884.82,964336.0,9122618.56
NBHC,False,15,26,24.99,0.9,falling,21.06,-12.82,41.22,False,False,False,False,False,False,1,4,False,3,Stage 3 (top),1,False,,,-6.75,1835920127.34,332826.0,13719087.719999999
NE,False,0,0,,,,,,45.76,False,False,False,False,False,False,0,0,False,2,Stage 2 (advance),3,True,2.0,0.65,8.52,7305227895.679999,1045088.0,47823226.879999995
NBTB,False,15,25,30.4,1.04,rising,37.81,-5.41,51.55,False,False,False,True,False,True,0,0,False,2,Stage 2 (advance),17,False,,,5.4,2678541144.5499997,239351.0,12338544.049999999
NEO,False,0,0,,,,,,18.05,False,False,False,False,False,False,0,0,False,2,Stage 2 (advance),9,False,,,48.49,2318981692.0,1799155.0,32474747.75
NEOG,False,0,0,,,,,,11.66,False,False,False,False,False,False,0,0,False,2,Stage 2 (advance),5,False,,,23.55,2543116018.3,1398646.0,16308212.36
NGVT,False,0,0,,,,,,69.43,False,False,False,False,False,False,0,0,False,3,Stage 3 (top),2,False,,,-4.04,2386859124.46,206198.0,14316327.14
NHC,False,0,0,,,,,,222.7,False,False,False,False,False,False,0,0,False,2,Stage 2 (advance),50,False,,,24.52,3487792666.5,104069.0,23176166.299999997
NHI,False,20,41,25.39,0.98,flat,-0.82,-19.33,72.03,False,False,False,False,False,True,0,1,False,3,Stage 3 (top),19,False,,,-15.17,3537424561.02,282903.0,20377503.09
NIC,False,0,0,,,,,,171.74,False,False,False,False,False,False,0,0,False,2,Stage 2 (advance),12,False,,,8.53,3599243282.6200004,136719.0,23480121.060000002
NMIH,False,45,70,28.87,0.94,rising,17.92,-4.13,44.81,False,False,False,False,True,True,1,0,False,2,Stage 2 (advance),5,False,,,3.39,3370511903.31,413989.0,18550847.09
NOG,False,0,0,,,,,,25.73,False,False,False,False,False,False,0,0,False,3,Stage 3 (top),3,False,,,1.2,2741509063.44,2214649.0,56982918.77
NSIT,False,0,0,,,,,,155.65,False,False,False,False,False,False,0,0,False,2,Stage 2 (advance),9,False,,,42.92,4568148502.5,253654.0,39481245.1
NPO,False,0,0,,,,,,298.96,False,False,False,False,False,False,0,0,False,3,Stage 3 (top),1,False,,,1.79,6328289911.759999,143581.0,42924975.76
NPK,False,0,0,,,,,,152.62,False,False,False,False,False,False,0,0,False,2,Stage 2 (advance),4,True,3.0,1.47,12.52,1089106545.54,99844.0,15238191.280000001
NTCT,False,0,0,,,,,,39.06,False,False,False,False,False,False,0,0,False,2,Stage 2 (advance),50,False,,,10.41,2839947606.7200003,532911.0,20815503.66
NTST,False,0,0,,,,,,20.47,False,False,False,False,False,False,0,0,False,2,Stage 2 (advance),33,False,,,-3.23,2078278119.06,2647402.0,54192318.94
NSP,False,0,0,,,,,,53.54,False,False,False,False,False,False,0,0,False,2,Stage 2 (advance),7,False,,,29.04,2044974755.8,277140.0,14838075.6
NSSC,False,20,32,33.64,1.04,rising,-12.96,-31.72,35.35,False,False,False,False,False,False,0,6,False,4,Stage 4 (decline),3,False,,,-20.91,1264414247.95,665040.0,23509164.0
NWBI,False,0,0,,,,,,15.34,False,False,False,False,False,False,0,0,False,2,Stage 2 (advance),29,False,,,8.02,2246682931.48,736992.0,11305457.28
NWL,False,0,0,,,,,,6.17,False,False,False,False,False,False,0,0,False,2,Stage 2 (advance),10,False,,,26.6,2627803000.0,5430034.0,33503309.78
NWN,False,15,23,13.76,0.86,falling,16.21,-9.88,49.5,False,False,False,False,False,True,1,0,False,3,Stage 3 (top),2,False,,,-6.35,2083630131.0,219986.0,10889307.0
NX,False,0,0,,,,,,19.42,False,False,False,False,False,False,0,0,False,2,Stage 2 (advance),4,True,3.0,0.8,2.8,891921080.3000001,241198.0,4684065.16
NXRT,False,20,27,24.83,1.51,falling,-16.54,-21.28,23.55,True,False,False,False,False,False,1,8,False,4,Stage 4 (decline),8,False,,,-23.87,601698096.15,295057.0,6948592.350000001
OGN,False,0,0,,,,,,13.76,False,False,False,False,False,False,0,0,False,2,Stage 2 (advance),15,False,,,25.96,3613505798.08,3180201.0,43759565.76
OI,False,0,0,,,,,,7.39,False,False,False,False,False,False,0,0,False,4,Stage 4 (decline),23,False,,,-42.66,1135545530.33,2755810.0,20365435.9
OII,False,0,0,,,,,,50.59,False,False,False,False,False,False,0,0,False,2,Stage 2 (advance),45,False,,,38.37,5035204740.55,1016229.0,51411025.11000001
OFG,False,30,20,33.87,0.75,rising,46.5,-2.58,52.43,False,False,False,True,True,True,0,0,False,2,Stage 2 (advance),14,False,,,9.53,2215979850.42,228460.0,11978157.8
OPLN,False,0,0,,,,,,35.09,False,False,False,False,False,False,0,0,False,2,Stage 2 (advance),1,True,0.0,1.38,1.53,4283431562.8500004,1652017.0,57969276.53000001
OMCL,False,0,21,34.32,1.18,falling,-27.81,-31.17,33.08,True,False,False,False,False,False,1,11,False,4,Stage 4 (decline),3,False,,,-22.73,1504442309.72,664331.0,21976069.48
OSIS,False,0,0,,,,,,206.64,False,False,False,False,False,False,0,0,False,4,Stage 4 (decline),11,False,,,-25.85,3294248267.52,434199.0,89722881.36
OSW,False,0,0,,,,,,25.26,False,False,False,False,False,False,0,0,False,2,Stage 2 (advance),18,False,,,0.22,2563857465.1200004,796101.0,20109511.26
OUT,False,0,0,,,,,,29.6,False,False,False,False,False,False,0,0,False,3,Stage 3 (top),1,False,,,3.69,5213603429.6,1420515.0,42047244.0
OTTR,False,15,30,12.11,0.99,flat,16.52,-4.47,90.84,False,False,False,False,True,False,1,6,False,2,Stage 2 (advance),38,False,,,-3.1,3813970087.2000003,179425.0,16298967.0
PARR,False,0,0,,,,,,78.85,False,False,False,False,False,False,0,0,False,2,Stage 2 (advance),31,False,,,40.09,3950355588.95,815672.0,64315737.199999996
PAYO,False,0,0,,,,,,7.11,False,False,False,False,False,False,0,0,False,2,Stage 2 (advance),8,False,,,10.1,2409229443.96,2380329.0,16924139.19
PAHC,False,0,0,,,,,,37.67,False,False,False,False,False,False,0,0,False,4,Stage 4 (decline),10,False,,,-17.76,1529462385.01,239294.0,9014204.98
PAYC,False,0,0,,,,,,238.53,False,False,False,False,False,False,0,0,False,2,Stage 2 (advance),2,True,1.0,0.58,36.55,10750933280.07,591498.0,141090017.94
PATK,False,0,0,,,,,,83.47,False,False,False,False,False,False,0,0,False,4,Stage 4 (decline),15,False,,,-27.03,2680911496.08,416603.0,34773852.41
PBH,False,0,0,,,,,,52.47,False,False,False,False,False,False,0,0,False,4,Stage 4 (decline),25,False,,,-18.63,2485741169.34,409035.0,21462066.45
PCRX,False,35,32,28.58,1.04,rising,13.03,-6.87,25.76,True,True,False,True,False,False,0,14,False,2,Stage 2 (advance),2,True,1.0,0.7,-1.78,1026842183.36,443085.0,11413869.600000001
PDFS,False,0,0,,,,,,44.81,False,False,False,False,False,False,0,0,False,3,Stage 3 (top),1,False,,,9.0,1892201548.96,679066.0,30428947.46
PENG,False,0,0,,,,,,49.51,False,False,False,False,False,False,0,0,False,2,Stage 2 (advance),16,False,,,36.96,2537026027.49,1538160.0,76154301.6
PBI,False,0,0,,,,,,17.21,False,False,False,False,False,False,0,0,False,2,Stage 2 (advance),18,False,,,23.45,2359322548.52,1298758.0,22351625.18
PECO,False,0,0,,,,,,39.07,False,False,False,False,False,False,0,0,False,3,Stage 3 (top),2,False,,,-4.87,5028309000.0,803394.0,31388603.580000002
PENN,False,0,0,,,,,,17.36,False,False,False,False,False,False,0,0,False,3,Stage 3 (top),1,False,,,-6.06,2329113270.96,2239806.0,38883032.16
PEB,False,0,0,,,,,,18.49,False,False,False,False,False,False,0,0,False,2,Stage 2 (advance),42,False,,,22.62,2086461818.84,1481302.0,27389273.979999997
PFBC,False,35,38,30.99,0.85,rising,23.53,-7.09,103.53,False,False,False,False,False,True,0,0,False,2,Stage 2 (advance),15,False,,,-0.04,1227153099.48,74383.0,7700871.99
PGNY,False,0,0,,,,,,26.0,False,False,False,False,False,False,0,0,False,2,Stage 2 (advance),12,False,,,0.73,1994896748.0,1015582.0,26405132.0
PFS,False,0,0,,,,,,23.51,False,False,False,False,False,False,0,0,False,2,Stage 2 (advance),51,False,,,1.98,3066235749.1800003,736559.0,17316502.09
PHIN,False,0,0,,,,,,68.65,False,False,False,False,False,False,0,0,False,3,Stage 3 (top),2,False,,,-7.49,2515204741.2000003,288502.0,19805662.3
PI,False,0,0,,,,,,170.06,False,False,False,False,False,False,0,0,False,1,Stage 1 (base),5,False,,,1.94,5196083474.78,330782.0,56252786.92
PLMR,False,35,40,30.79,0.88,rising,8.02,-10.52,131.63,True,False,False,False,False,True,0,0,False,2,Stage 2 (advance),2,True,1.0,0.92,-3.29,3464196613.29,181215.0,23853330.45
PLAB,False,0,0,,,,,,27.73,False,False,False,False,False,False,0,0,False,4,Stage 4 (decline),1,False,,,-23.46,1635063345.54,2077009.0,57595459.57
PJT,False,15,23,34.13,1.29,rising,-6.72,-0.12,182.8,True,False,False,True,True,True,4,0,False,1,Stage 1 (base),9,False,,,0.98,4673248730.400001,397045.0,72579826.0
PIPR,False,20,39,30.79,0.77,falling,-24.52,-18.74,75.61,False,False,False,False,False,True,0,0,False,4,Stage 4 (decline),9,False,,,-15.1,5343380702.51,429792.0,32496573.12
PLUS,False,20,33,24.53,1.15,rising,-0.87,-10.79,87.28,False,False,False,False,False,False,0,6,False,3,Stage 3 (top),14,False,,,-3.9,2277171683.04,186579.0,16284615.120000001
PLXS,False,0,0,,,,,,240.87,False,False,False,False,False,False,0,0,False,3,Stage 3 (top),2,False,,,8.11,6419691086.13,235916.0,56825086.92
PMT,False,20,32,33.48,1.04,falling,-31.26,-26.4,9.34,False,False,False,False,False,False,0,25,False,4,Stage 4 (decline),11,False,,,-22.2,814470061.08,1212947.0,11328924.98
POOL,False,0,0,,,,,,188.07,False,False,False,False,False,False,0,0,False,4,Stage 4 (decline),8,False,,,-26.24,6834604288.29,540561.0,101663307.27
POWI,False,0,0,,,,,,51.51,False,False,False,False,False,False,0,0,False,3,Stage 3 (top),2,False,,,-10.71,2878033579.98,683997.0,35232685.47
POWL,False,0,0,,,,,,182.71,False,False,False,False,False,False,0,0,False,3,Stage 3 (top),5,False,,,-6.91,6656593768.440001,491587.0,89817860.77000001
PPLI,False,0,0,,,,,,39.14,False,False,False,False,False,False,0,0,False,3,Stage 3 (top),3,False,,,-8.96,2914518024.5,900952.0,35263261.28
PRDO,False,35,46,34.83,1.05,falling,16.71,-12.4,33.57,False,False,False,False,False,True,2,0,False,3,Stage 3 (top),3,False,,,-7.54,2100711736.35,587306.0,19715862.42
PRG,False,0,0,,,,,,39.1,False,False,False,False,False,False,0,0,False,2,Stage 2 (advance),13,False,,,4.44,1557416850.3,481277.0,18817930.7
PRGS,False,0,0,,,,,,44.76,False,False,False,False,False,False,0,0,False,1,Stage 1 (base),9,False,,,5.41,1835739283.9199998,368443.0,16491508.68
PRGO,False,0,0,,,,,,14.48,False,False,False,False,False,False,0,0,False,1,Stage 1 (base),4,False,,,-3.29,2009378667.6000001,2507853.0,36313711.44
PRIM,False,0,0,,,,,,73.12,False,False,False,False,False,False,0,0,False,4,Stage 4 (decline),10,False,,,-47.71,3967120847.2000003,983477.0,71911838.24000001
PRK,False,35,31,34.72,1.1,rising,40.58,-7.35,198.12,False,False,False,True,False,True,0,0,False,2,Stage 2 (advance),15,False,,,7.24,3578871577.32,91079.0,18044571.48
PRKS,False,0,0,,,,,,42.49,False,False,False,False,False,False,0,0,False,2,Stage 2 (advance),8,False,,,-5.42,1926552219.41,493350.0,20962441.5
PRLB,False,0,0,,,,,,79.74,False,False,False,False,False,False,0,0,False,2,Stage 2 (advance),55,False,,,16.45,1907532066.78,175225.0,13972441.5
PRSU,False,0,0,,,,,,49.77,False,False,False,False,False,False,0,0,False,2,Stage 2 (advance),23,False,,,12.76,1366149869.28,185956.0,9255030.120000001
PRVA,False,15,22,32.23,1.37,falling,3.76,-27.86,20.79,False,False,False,False,False,False,0,21,False,1,Stage 1 (base),2,False,,,-19.81,2655594163.5299997,870482.0,18097320.779999997
PSMT,False,0,0,,,,,,169.34,False,False,False,False,False,False,0,0,False,2,Stage 2 (advance),70,False,,,3.92,5225921134.16,221287.0,37472740.58
PTCT,False,0,25,31.57,0.65,falling,-3.02,-22.87,70.09,False,False,False,False,False,True,0,0,False,3,Stage 3 (top),6,False,,,-11.39,5849767612.18,820235.0,57490271.150000006
PTGX,False,0,0,,,,,,144.33,False,False,False,False,False,False,0,0,False,2,Stage 2 (advance),64,False,,,34.69,9339346774.050001,505027.0,72890546.91000001
PTEN,False,0,0,,,,,,12.43,False,False,False,False,False,False,0,0,False,2,Stage 2 (advance),3,True,2.0,0.7,33.67,4740613983.82,7604644.0,94525724.92
PTON,False,0,0,,,,,,5.45,False,False,False,False,False,False,0,0,False,1,Stage 1 (base),15,False,,,-17.82,2391851315.4500003,6323515.0,34463156.75
PZZA,False,0,0,,,,,,23.72,False,False,False,False,False,False,0,0,False,4,Stage 4 (decline),8,False,,,-41.34,780435772.0799999,1105761.0,26228650.919999998
QDEL,False,0,0,,,,,,14.74,False,False,False,False,False,False,0,0,False,4,Stage 4 (decline),25,False,,,-37.38,1010801793.98,1410918.0,20796931.32
QNST,False,0,0,,,,,,19.18,False,False,False,False,False,False,0,0,False,2,Stage 2 (advance),4,True,3.0,2.11,21.84,1094917324.62,847807.0,16260938.26
QRVO,False,15,21,33.35,0.75,falling,14.91,-13.48,94.73,False,True,False,False,False,False,1,20,False,2,Stage 2 (advance),5,False,,,-2.64,8357235294.09,793728.0,75189853.44
QTWO,False,0,0,,,,,,65.13,False,False,False,False,False,False,0,0,False,1,Stage 1 (base),7,False,,,-1.59,4061161285.35,641551.0,41784216.629999995
RAMP,False,0,0,,,,,,37.74,False,False,False,False,False,False,0,0,False,2,Stage 2 (advance),15,False,,,12.27,2294402620.6800003,967054.0,36496617.96
RCUS,False,0,0,,,,,,29.21,False,False,False,False,False,False,0,0,False,2,Stage 2 (advance),46,False,,,18.88,3673834062.02,1201839.0,35105717.19
RDN,False,45,55,22.2,0.88,rising,16.84,-10.68,36.41,False,False,False,False,False,True,0,0,False,2,Stage 2 (advance),12,False,,,-4.91,4817090988.379999,877642.0,31954945.22
RELY,False,0,0,,,,,,26.55,False,False,False,False,False,False,0,0,False,2,Stage 2 (advance),17,False,,,34.69,5620211633.7,3036029.0,80606569.95
RDNT,False,0,0,,,,,,74.61,False,False,False,False,False,False,0,0,False,1,Stage 1 (base),5,False,,,-1.14,5871639649.7699995,502804.0,37514206.44
REYN,False,45,67,33.94,1.13,rising,20.15,-11.19,24.05,True,False,False,False,False,False,1,40,False,2,Stage 2 (advance),6,False,,,-5.79,5069523117.1,1283095.0,30858434.75
RES,False,0,0,,,,,,6.4,False,False,False,False,False,False,0,0,False,3,Stage 3 (top),10,False,,,-1.1,1418604876.8000002,1306955.0,8364512.0
REX,False,0,0,,,,,,41.35,False,False,False,False,False,False,0,0,False,3,Stage 3 (top),1,False,,,-3.05,1361974639.3,147627.0,6104376.45
REZI,False,0,0,,,,,,19.63,False,False,False,False,False,False,0,0,False,4,Stage 4 (decline),3,False,,,-28.12,2980764030.14,2667673.0,52366420.989999995
RHI,False,0,0,,,,,,45.31,False,False,False,False,False,False,0,0,False,2,Stage 2 (advance),10,False,,,41.55,4638014426.68,2176040.0,98596372.4
RITM,False,0,24,24.61,0.64,rising,-17.19,-3.72,10.08,True,False,False,True,True,True,0,0,False,1,Stage 1 (base),5,False,,,-7.98,5628742872.4800005,3630480.0,36595238.4
ROG,False,0,0,,,,,,125.52,False,False,False,False,False,False,0,0,False,3,Stage 3 (top),1,False,,,3.91,2242833409.2,188631.0,23676963.12
RHP,False,0,0,,,,,,129.33,False,False,False,False,False,False,0,0,False,2,Stage 2 (advance),19,False,,,14.81,8921737967.04,567363.0,73377056.79
ROAD,False,0,0,,,,,,110.1,False,False,False,False,False,False,0,0,False,1,Stage 1 (base),1,False,,,-14.3,6248786605.5,527867.0,58118156.699999996
RNST,False,0,0,,,,,,41.09,False,False,False,False,False,False,0,0,False,2,Stage 2 (advance),16,False,,,-2.68,3755809466.8500004,527094.0,21658292.46
ROCK,False,0,0,,,,,,45.27,False,False,False,False,False,False,0,0,False,1,Stage 1 (base),4,False,,,-16.73,1342795073.13,189620.0,8584097.4
RNG,False,0,0,,,,,,69.38,False,False,False,False,False,False,0,0,False,2,Stage 2 (advance),10,False,,,71.46,5793657519.559999,1368029.0,94913852.02
RSI,False,0,0,,,,,,26.41,False,False,False,False,False,False,0,0,False,2,Stage 2 (advance),27,False,,,6.88,3053691824.27,1756757.0,46395952.37
RRR,False,35,39,31.3,1.01,flat,10.22,-16.36,56.97,False,False,False,False,False,False,0,3,False,3,Stage 3 (top),1,False,,,-12.49,3368658033.45,641037.0,36519877.89
RUN,False,0,0,,,,,,8.78,False,False,False,False,False,False,0,0,False,4,Stage 4 (decline),13,False,,,-49.05,2094462739.86,7149505.0,62772653.9
RXO,False,0,0,,,,,,21.91,False,False,False,False,False,False,0,0,False,2,Stage 2 (advance),16,False,,,10.23,3613531464.48,1277343.0,27986585.13
RUSHA,False,0,0,,,,,,76.27,False,False,False,False,False,False,0,0,False,2,Stage 2 (advance),36,False,,,7.51,8267038314.879999,363859.0,27751525.93
SABR,False,0,0,,,,,,2.2,False,False,False,False,False,False,0,0,False,2,Stage 2 (advance),6,False,,,19.25,887883070.8000001,2737557.0,6022625.4
SAFE,False,45,59,33.72,0.72,falling,29.77,-11.92,15.37,True,False,False,False,False,False,0,10,False,2,Stage 2 (advance),12,False,,,-5.44,1088446223.6,246883.0,3794591.71
SAFT,False,0,0,,,,,,103.64,False,False,False,False,False,False,0,0,False,2,Stage 2 (advance),6,False,,,23.37,1521485154.48,136543.0,14151316.52
SAH,False,0,0,,,,,,79.68,False,False,False,False,False,False,0,0,False,2,Stage 2 (advance),13,False,,,0.66,2519067423.36,215512.0,17171996.16
SBH,False,0,0,,,,,,16.55,False,False,False,False,False,False,0,0,False,1,Stage 1 (base),3,False,,,0.89,1549448932.6000001,1040719.0,17223899.45
SBCF,False,35,36,23.92,1.09,rising,11.28,-5.24,34.37,False,True,False,False,False,True,1,0,False,2,Stage 2 (advance),9,False,,,-1.48,3327799601.6299996,821430.0,28232549.099999998
SBSI,False,15,22,12.53,0.97,falling,15.94,-10.91,31.88,False,False,False,False,False,True,0,1,False,3,Stage 3 (top),2,False,,,-6.09,950278402.4,115657.0,3687145.1599999997
SCHL,False,0,0,,,,,,38.96,False,False,False,False,False,False,0,0,False,3,Stage 3 (top),1,False,,,0.53,734885922.0,263295.0,10257973.200000001
SCL,False,0,0,,,,,,62.65,False,False,False,False,False,False,0,0,False,2,Stage 2 (advance),15,False,,,9.98,1424193631.0,100526.0,6297953.899999999
SDGR,False,0,0,,,,,,19.7,False,False,False,False,False,False,0,0,False,1,Stage 1 (base),14,False,,,11.65,1473670871.6,985959.0,19423392.3
SCSC,False,0,0,,,,,,56.55,False,False,False,False,False,False,0,0,False,2,Stage 2 (advance),11,False,,,17.76,1149352114.95,392571.0,22199890.05
SEDG,False,0,0,,,,,,31.41,False,False,False,False,False,False,0,0,False,3,Stage 3 (top),6,False,,,-30.39,1932523744.68,3106325.0,97569668.25
SEI,False,0,0,,,,,,49.89,False,False,False,False,False,False,0,0,False,3,Stage 3 (top),2,False,,,-18.53,3284335530.6,2498232.0,124636794.48
SFBS,False,45,69,31.92,0.78,rising,29.96,-6.17,43.2,True,False,False,False,False,True,0,0,False,2,Stage 2 (advance),12,False,,,-0.54,4723704864.0,460669.0,19900900.8
SFNC,False,0,0,,,,,,22.69,False,False,False,False,False,False,0,0,False,2,Stage 2 (advance),17,False,,,2.15,3279017872.4100003,914582.0,20751865.580000002
SHAK,False,0,0,,,,,,69.89,False,False,False,False,False,False,0,0,False,4,Stage 4 (decline),17,False,,,-23.95,2824125533.61,918003.0,64159229.67
SHO,False,0,0,,,,,,11.33,False,False,False,False,False,False,0,0,False,2,Stage 2 (advance),17,False,,,5.42,2106744851.53,1805135.0,20452179.55
SHEN,False,0,0,,,,,,12.46,False,False,False,False,False,False,0,0,False,3,Stage 3 (top),9,False,,,-15.29,689843912.8000001,381566.0,4754312.36
SHOO,False,15,21,30.17,0.74,flat,4.87,-10.99,44.24,False,False,False,True,False,True,0,1,False,3,Stage 3 (top),1,False,,,2.16,3233299688.6400003,767115.0,33937167.6
SIG,False,35,41,31.29,0.72,flat,0.37,-20.29,82.7,True,False,False,False,False,False,0,10,False,1,Stage 1 (base),7,False,,,-17.0,3212877054.1,679739.0,56214415.300000004
SKT,False,0,0,,,,,,37.73,False,False,False,False,False,False,0,0,False,2,Stage 2 (advance),31,False,,,-2.31,4334384254.969999,721566.0,27224685.179999996
SKY,False,0,0,,,,,,90.22,False,False,False,False,False,False,0,0,False,3,Stage 3 (top),25,False,,,0.05,4897153689.48,663028.0,59818386.16
SKYW,False,0,0,,,,,,98.87,False,False,False,False,False,False,0,0,False,1,Stage 1 (base),10,False,,,-8.94,3838956492.75,255145.0,25226186.150000002
SLG,False,0,0,,,,,,57.54,False,False,False,False,False,False,0,0,False,2,Stage 2 (advance),7,False,,,10.82,4076703648.7799997,791691.0,45553900.14
SLVM,False,0,23,18.64,0.77,falling,-38.7,-19.27,36.37,True,False,False,False,False,False,0,8,False,4,Stage 4 (decline),11,False,,,-22.52,1446080037.9099998,229691.0,8353861.669999999
SM,False,0,0,,,,,,36.62,False,False,False,False,False,False,0,0,False,2,Stage 2 (advance),20,False,,,30.68,8710215970.16,3519981.0,128901704.21999998
SMPL,False,0,0,,,,,,10.93,False,False,False,False,False,False,0,0,False,4,Stage 4 (decline),62,False,,,-41.43,966662392.51,1625845.0,17770485.849999998
SMP,False,35,37,28.67,1.11,falling,5.63,-18.16,37.01,False,False,False,False,False,False,1,7,False,3,Stage 3 (top),1,False,,,-12.08,826814243.93,134387.0,4973662.87
SNEX,False,0,0,,,,,,68.64,False,False,False,False,False,False,0,0,False,2,Stage 2 (advance),3,True,2.0,1.12,8.84,8302895927.04,803012.0,55118743.68
SNDR,False,0,0,,,,,,34.44,False,False,False,False,False,False,0,0,False,2,Stage 2 (advance),23,False,,,8.99,6037362961.559999,508115.0,17499480.599999998
SPHR,False,0,0,,,,,,141.68,False,False,False,False,False,False,0,0,False,2,Stage 2 (advance),56,False,,,17.44,5088239839.76,663027.0,93937665.36
SONO,False,0,23,28.43,0.84,flat,-25.31,-13.07,15.3,True,False,False,False,False,False,1,15,False,1,Stage 1 (base),4,False,,,-11.19,1809897878.7,1169375.0,17891437.5
SPNT,False,0,0,,,,,,24.18,False,False,False,False,False,False,0,0,False,2,Stage 2 (advance),13,False,,,2.12,2808870086.88,543031.0,13130489.58
SPSC,False,0,0,,,,,,84.92,False,False,False,False,False,False,0,0,False,1,Stage 1 (base),5,False,,,0.95,3057134776.08,403722.0,34284072.24
SRPT,False,0,0,,,,,,20.86,False,False,False,False,False,False,0,0,False,1,Stage 1 (base),2,False,,,-2.52,2203379658.06,2987762.0,62324715.32
STAA,False,0,0,,,,,,22.11,False,False,False,False,False,False,0,0,False,1,Stage 1 (base),2,False,,,-18.72,1108683486.24,752377.0,16635055.469999999
STBA,False,0,0,,,,,,49.79,False,False,False,False,False,False,0,0,False,2,Stage 2 (advance),41,False,,,7.12,1755868846.68,223947.0,11150321.129999999
STEP,False,0,0,,,,,,50.32,False,False,False,False,False,False,0,0,False,1,Stage 1 (base),3,False,,,-16.49,4140777800.2400002,854023.0,42974437.36
STC,False,30,54,31.49,0.86,flat,-1.6,-8.96,69.91,False,False,False,False,False,True,1,2,False,1,Stage 1 (base),10,False,,,-7.24,2133806932.09,165031.0,11537317.209999999
STRA,False,45,63,16.8,1.08,flat,2.0,-5.67,84.64,True,True,False,False,False,False,1,17,False,3,Stage 3 (top),11,False,,,-3.93,1879647793.76,219536.0,18581527.04
SUPN,False,20,31,25.15,1.4,flat,-7.31,-26.73,43.73,False,False,False,False,False,True,0,0,False,4,Stage 4 (decline),7,False,,,-18.51,2543686683.73,576587.0,25214149.509999998
SXI,False,0,0,,,,,,298.44,False,False,False,False,False,False,0,0,False,2,Stage 2 (advance),50,False,,,4.71,3616933134.6,100962.0,30131099.28
SXT,False,0,0,,,,,,135.12,False,False,False,False,False,False,0,0,False,2,Stage 2 (advance),14,False,,,18.28,5751087022.320001,325888.0,44033986.56
TALO,False,0,0,,,,,,16.67,False,False,False,False,False,False,0,0,False,2,Stage 2 (advance),7,False,,,17.5,2783314351.5600004,1706624.0,28449422.080000002
TBBK,False,0,22,28.77,0.63,rising,-1.16,-10.02,65.7,True,False,False,True,False,True,0,0,False,1,Stage 1 (base),10,False,,,-7.05,2679693351.3,265784.0,17462008.8
TDC,False,0,0,,,,,,28.77,False,False,False,False,False,False,0,0,False,3,Stage 3 (top),4,False,,,-7.48,2675610000.0,1992052.0,57311336.04
TDS,False,0,0,,,,,,33.65,False,False,False,False,False,False,0,0,False,4,Stage 4 (decline),6,False,,,-24.29,3873653400.0,808796.0,27215985.4
TFIN,False,0,0,,,,,,71.86,False,False,False,False,False,False,0,0,False,2,Stage 2 (advance),19,False,,,1.79,1717061428.82,156591.0,11252629.26
TDW,False,0,0,,,,,,92.62,False,False,False,False,False,False,0,0,False,2,Stage 2 (advance),8,False,,,22.87,4608422115.22,528257.0,48927163.34
TFX,False,15,28,33.17,0.92,flat,30.38,-3.44,139.67,True,False,False,True,True,True,0,0,False,2,Stage 2 (advance),13,False,,,3.54,5918152688.99,531883.0,74288098.61
THRM,False,0,0,,,,,,39.54,False,False,False,False,False,False,0,0,False,2,Stage 2 (advance),3,True,2.0,1.27,3.07,1214237450.3600001,285288.0,11280287.52
TGTX,False,0,0,,,,,,53.93,False,False,False,False,False,False,0,0,False,2,Stage 2 (advance),17,False,,,31.21,8255014028.29,1958849.0,105640726.57
TILE,False,0,0,,,,,,38.58,False,False,False,False,False,False,0,0,False,2,Stage 2 (advance),13,False,,,16.85,2229941746.7999997,409627.0,15803409.66
TMDX,False,0,0,,,,,,88.43,False,False,False,False,False,False,0,0,False,4,Stage 4 (decline),17,False,,,-26.22,3066323072.3500004,588387.0,52031062.410000004
TNDM,False,0,0,,,,,,21.43,False,False,False,False,False,False,0,0,False,3,Stage 3 (top),5,False,,,4.48,1491071691.01,1444899.0,30964185.57
TMP,False,0,0,,,,,,97.8,False,False,False,False,False,False,0,0,False,2,Stage 2 (advance),43,False,,,12.93,1406648109.0,104894.0,10258633.2
TNC,False,35,22,32.89,1.5,falling,10.92,-24.31,69.58,False,False,True,False,False,False,2,9,False,3,Stage 3 (top),4,False,,,-18.89,1186290502.74,226516.0,15760983.28
TRIP,False,0,0,,,,,,9.87,False,False,False,False,False,False,0,0,False,4,Stage 4 (decline),4,False,,,-32.05,1156757505.54,2864262.0,28270265.939999998
TPC,False,0,0,,,,,,88.84,False,False,False,False,False,False,0,0,False,2,Stage 2 (advance),7,False,,,7.77,4674290214.52,437773.0,38891753.32
TR,False,35,37,28.92,0.82,flat,15.34,-8.19,41.27,False,False,False,True,False,True,0,0,False,2,Stage 2 (advance),3,True,2.0,0.87,-4.62,3101979321.1200004,135207.0,5579992.890000001
TRMK,False,0,0,,,,,,46.27,False,False,False,False,False,False,0,0,False,2,Stage 2 (advance),54,False,,,-0.65,2686925597.79,238404.0,11030953.08
TRN,False,0,0,,,,,,29.27,False,False,False,False,False,False,0,0,False,3,Stage 3 (top),5,False,,,-12.06,2331925855.22,521725.0,15270890.75
TRUP,False,0,0,,,,,,29.62,False,False,False,False,False,False,0,0,False,1,Stage 1 (base),4,False,,,-15.59,1292038380.64,435366.0,12895540.92
TRNO,False,15,22,21.74,0.89,flat,25.66,-15.64,66.59,False,False,False,False,False,True,0,2,False,2,Stage 2 (advance),23,False,,,-3.82,7256332942.900001,568681.0,37868467.79
UA,False,0,0,,,,,,4.94,False,False,False,False,False,False,0,0,False,3,Stage 3 (top),4,False,,,-19.53,2121954972.5400002,2290623.0,11315677.620000001
TRST,False,0,0,,,,,,57.13,False,False,False,False,False,False,0,0,False,2,Stage 2 (advance),54,False,,,14.39,972794786.2,140705.0,8038476.65
UAA,False,0,0,,,,,,5.08,False,False,False,False,False,False,0,0,False,3,Stage 3 (top),4,False,,,-19.66,2182091348.28,7366111.0,37419843.88
UCB,False,35,33,23.6,0.93,rising,19.94,-5.38,35.18,False,False,False,False,False,True,0,0,False,2,Stage 2 (advance),17,False,,,-1.97,4213291433.86,711950.0,25046401.0
UE,False,0,0,,,,,,21.39,False,False,False,False,False,False,0,0,False,3,Stage 3 (top),2,False,,,-5.69,2700369127.7400002,702950.0,15036100.5
UCTT,False,0,0,,,,,,69.48,False,False,False,False,False,False,0,0,False,3,Stage 3 (top),2,False,,,10.15,3145847974.92,875479.0,60828280.92
UNFI,False,0,0,,,,,,45.8,False,False,False,False,False,False,0,0,False,3,Stage 3 (top),1,False,,,-0.58,2771776612.0,423522.0,19397307.599999998
UFPT,False,0,0,,,,,,300.05,False,False,False,False,False,False,0,0,False,2,Stage 2 (advance),13,False,,,19.12,2324124289.5,116915.0,35080345.75
UNIT,False,0,0,,,,,,10.02,False,False,False,False,False,False,0,0,False,3,Stage 3 (top),2,False,,,5.79,2432105852.7,1712625.0,17160502.5
UPBD,False,15,30,34.38,1.03,rising,23.19,-16.8,19.22,True,False,False,False,False,True,1,0,False,2,Stage 2 (advance),1,True,0.0,0.89,-8.77,1120514564.1,725013.0,13934749.86
UNF,False,0,0,,,,,,281.88,False,False,False,False,False,False,0,0,False,2,Stage 2 (advance),31,False,,,13.23,5097566685.24,233620.0,65852805.6
UFCS,False,0,0,,,,,,53.98,False,False,False,False,False,False,0,0,False,2,Stage 2 (advance),53,False,,,22.43,1387579597.22,137764.0,7436500.72
URBN,False,20,47,33.7,0.8,rising,-3.47,-5.08,81.09,False,False,False,True,False,True,1,0,False,1,Stage 1 (base),6,False,,,3.31,6944148880.47,1642351.0,133178242.59
UPWK,False,0,0,,,,,,9.02,False,False,False,False,False,False,0,0,False,4,Stage 4 (decline),21,False,,,-41.9,1126628352.3,2227433.0,20091445.66
USLM,False,0,0,,,,,,119.96,False,False,False,False,False,False,0,0,False,1,Stage 1 (base),4,False,,,-9.21,3441456025.48,155659.0,18672853.64
USPH,False,0,0,,,,,,78.63,False,False,False,False,False,False,0,0,False,1,Stage 1 (base),6,False,,,-6.7,1173371743.74,155816.0,12251812.08
UTI,False,0,0,,,,,,21.31,False,False,False,False,False,False,0,0,False,3,Stage 3 (top),4,False,,,-40.55,1174079372.61,1810123.0,38573721.129999995
VCTR,False,0,0,,,,,,118.31,False,False,False,False,False,False,0,0,False,2,Stage 2 (advance),17,False,,,42.61,7277197463.32,578897.0,68489304.07000001
VAC,False,0,0,,,,,,110.09,False,False,False,False,False,False,0,0,False,2,Stage 2 (advance),14,False,,,37.53,3786580778.8,470216.0,51766079.440000005
VCEL,False,0,0,,,,,,40.95,False,False,False,False,False,False,0,0,False,2,Stage 2 (advance),9,False,,,-0.13,2096910843.3000002,528734.0,21651657.3
UTL,False,15,28,11.09,0.95,flat,19.49,-6.45,53.1,False,False,False,False,False,False,1,7,False,2,Stage 2 (advance),13,False,,,-3.44,968367389.4,122383.0,6498537.3
UVV,False,50,65,25.37,1.61,falling,-5.27,-26.38,45.74,True,False,True,False,False,False,2,18,False,4,Stage 4 (decline),1,False,,,-19.59,1138892015.18,274010.0,12533217.4
VECO,False,0,0,,,,,,44.29,False,False,False,False,False,False,0,0,False,3,Stage 3 (top),2,False,,,0.25,2707737403.8,527020.0,23341715.8
VCYT,False,0,0,,,,,,43.34,False,False,False,False,False,False,0,0,False,2,Stage 2 (advance),2,True,1.0,1.32,-3.62,3484134281.5400004,1397872.0,60583772.480000004
VIR,False,0,0,,,,,,10.83,False,False,False,False,False,False,0,0,False,2,Stage 2 (advance),3,True,2.0,0.58,26.26,1832608825.14,1836595.0,19890323.85
VRRM,False,0,0,,,,,,4.39,False,False,False,False,False,False,0,0,False,4,Stage 4 (decline),35,False,,,-75.19,667204509.56,2632646.0,11557315.94
VIRT,False,0,0,,,,,,66.39,False,False,False,False,False,False,0,0,False,2,Stage 2 (advance),20,False,,,36.35,5862282012.42,2010343.0,133466671.77
VRTS,False,30,21,26.93,1.23,rising,3.1,-2.79,168.52,True,True,False,True,True,False,3,14,False,1,Stage 1 (base),10,False,,,0.07,1126071199.44,91457.0,15412333.64
VSAT,False,0,0,,,,,,67.37,False,False,False,False,False,False,0,0,False,2,Stage 2 (advance),62,False,,,19.66,9280608919.7,1590962.0,107183109.94000001
VSEC,False,0,0,,,,,,215.82,False,False,False,False,False,False,0,0,False,2,Stage 2 (advance),4,True,3.0,1.22,2.31,6056982257.04,291996.0,63018576.72
VSH,False,0,0,,,,,,30.56,False,False,False,False,False,False,0,0,False,3,Stage 3 (top),2,False,,,9.0,4687267343.5199995,3375448.0,103153690.88
VSXY,False,0,0,,,,,,87.85,False,False,False,False,False,False,0,0,False,2,Stage 2 (advance),15,False,,,45.0,6983347602.0,1233767.0,108386430.94999999
VTOL,False,15,21,19.84,1.23,rising,22.84,-12.71,43.73,False,False,False,False,False,True,1,0,False,3,Stage 3 (top),1,False,,,-5.32,1296244660.0,240091.0,10499179.43
VVX,False,0,0,,,,,,77.69,False,False,False,False,False,False,0,0,False,2,Stage 2 (advance),51,False,,,4.9,2435220863.02,420702.0,32684338.38
VYX,False,0,0,,,,,,8.78,False,False,False,False,False,False,0,0,False,1,Stage 1 (base),5,False,,,-13.64,1212253704.4399998,2425407.0,21295073.459999997
WABC,False,0,0,,,,,,58.07,False,False,False,False,False,False,0,0,False,2,Stage 2 (advance),30,False,,,2.17,1342064654.71,113430.0,6586880.1
WAFD,False,0,0,,,,,,36.09,False,False,False,False,False,False,0,0,False,2,Stage 2 (advance),22,False,,,-0.15,2670488139.42,389729.0,14065319.610000001
WD,False,0,0,,,,,,41.35,False,False,False,False,False,False,0,0,False,4,Stage 4 (decline),8,False,,,-34.79,1419369555.75,408190.0,16878656.5
WDFC,False,15,30,32.47,0.64,rising,28.56,-27.05,217.17,False,False,False,False,False,False,0,25,False,3,Stage 3 (top),2,False,,,-7.71,2914659418.3199997,89631.0,19465164.27
WEN,False,0,21,31.34,1.08,rising,-1.76,-12.49,8.27,True,False,False,True,False,True,1,0,False,1,Stage 1 (base),5,False,,,-4.35,1576584530.0,8341587.0,68984924.49
WERN,False,0,0,,,,,,38.42,False,False,False,False,False,False,0,0,False,2,Stage 2 (advance),22,False,,,5.28,2304322333.52,860361.0,33055069.62
WGO,False,0,20,21.81,0.77,rising,-49.4,-12.32,30.6,True,False,False,False,False,True,0,0,False,4,Stage 4 (decline),16,False,,,-20.24,865028125.8000001,477608.0,14614804.8
WHD,False,0,0,,,,,,69.65,False,False,False,False,False,False,0,0,False,2,Stage 2 (advance),8,False,,,24.27,4856915151.200001,594307.0,41393482.550000004
WINA,False,0,23,33.18,0.65,falling,-23.63,-26.63,337.25,True,False,False,False,False,False,0,35,False,4,Stage 4 (decline),8,False,,,-26.01,1211458995.25,33615.0,11336658.75
WLY,False,0,0,,,,,,53.71,False,False,False,False,False,False,0,0,False,2,Stage 2 (advance),15,False,,,25.7,2726512418.9,344298.0,18492245.580000002
WOR,False,35,51,33.31,0.96,falling,8.74,-11.56,57.32,True,True,False,False,False,False,1,16,False,2,Stage 2 (advance),6,False,,,-6.23,2804483258.88,224406.0,12862951.92
WKC,False,0,0,,,,,,35.45,False,False,False,False,False,False,0,0,False,2,Stage 2 (advance),13,False,,,17.56,1813324929.0000002,799030.0,28325613.500000004
WRBY,False,0,0,,,,,,25.0,False,False,False,False,False,False,0,0,False,3,Stage 3 (top),1,False,,,-7.39,3090201350.0,2013059.0,50326475.0
WRLD,False,0,0,,,,,,188.35,False,False,False,False,False,False,0,0,False,2,Stage 2 (advance),11,False,,,8.39,878309953.0,66595.0,12543168.25
WSBC,False,0,0,,,,,,40.42,False,False,False,False,False,False,0,0,False,2,Stage 2 (advance),15,False,,,6.2,3876516033.38,664111.0,26843366.62
WSC,False,0,0,,,,,,20.9,False,False,False,False,False,False,0,0,False,3,Stage 3 (top),2,False,,,-14.05,3786891022.2,2770125.0,57895612.49999999
WSFS,False,0,0,,,,,,78.3,False,False,False,False,False,False,0,0,False,2,Stage 2 (advance),34,False,,,9.77,4023680400.0,319099.0,24985451.7
WU,False,0,0,,,,,,7.24,False,False,False,False,False,False,0,0,False,4,Stage 4 (decline),6,False,,,-20.52,2258003822.44,6962830.0,50410889.2
XNCR,False,0,0,,,,,,26.06,False,False,False,False,False,False,0,0,False,2,Stage 2 (advance),4,True,3.0,1.01,66.31,1937649525.82,1566342.0,40818872.519999996
WT,False,0,0,,,,,,24.43,False,False,False,False,False,False,0,0,False,2,Stage 2 (advance),23,False,,,40.53,3701440871.73,2261020.0,55236718.6
WWW,False,0,0,,,,,,20.34,False,False,False,False,False,False,0,0,False,2,Stage 2 (advance),4,True,3.0,0.58,-3.75,1669229335.26,737396.0,14998634.64
XHR,False,0,0,,,,,,19.46,False,False,False,False,False,False,0,0,False,2,Stage 2 (advance),24,False,,,11.67,1795103949.1000001,603101.0,11736345.46
XPEL,False,0,24,32.52,0.91,rising,-14.41,-5.5,49.76,True,False,False,True,False,False,1,22,False,3,Stage 3 (top),8,False,,,1.36,1371920420.48,154677.0,7696727.52
YELP,False,0,0,,,,,,23.18,False,False,False,False,False,False,0,0,False,4,Stage 4 (decline),3,False,,,-22.71,1257830734.78,897506.0,20804189.08
YOU,False,0,0,,,,,,43.43,False,False,False,False,False,False,0,0,False,3,Stage 3 (top),3,False,,,-8.41,4469426858.07,1726843.0,74996791.49
ZWS,False,35,33,20.27,0.78,flat,9.31,-12.44,48.05,False,False,False,False,False,True,0,0,False,3,Stage 3 (top),1,False,,,-8.77,7969769860.849999,683839.0,32858463.95
ZD,False,0,0,,,,,,55.82,False,False,False,False,False,False,0,0,False,2,Stage 2 (advance),26,False,,,23.31,1913911950.56,434330.0,24244300.6
